timestamp_utc,elapsed_seconds,phase,process_pid,process_rss_mib,gpu_utilization_percent,gpu_memory_used_mib,gpu_memory_total_mib,gpu_temperature_c,gpu_pstate,gpu_clock_mhz,gpu_power_w,torch_allocated_mib,torch_reserved_mib
2026-07-27T19:31:16.940749+00:00,0.05,model_startup,1,760.199,7,2395,16384,61,P0,930,33.97,0.729,2.0
2026-07-27T19:31:17.982956+00:00,1.092,model_startup,1,1385.074,8,2743,16384,61,P0,930,33.74,145.471,356.0
2026-07-27T19:31:19.030709+00:00,2.14,model_startup,1,1937.574,0,2760,16384,61,P0,930,34.04,145.471,356.0
2026-07-27T19:31:20.078862+00:00,3.188,model_startup,1,2504.324,3,2761,16384,61,P0,930,33.81,145.471,356.0
2026-07-27T19:31:21.143450+00:00,4.253,model_startup,1,2712.574,1,2761,16384,61,P0,930,33.78,145.471,356.0
2026-07-27T19:31:22.188909+00:00,5.298,model_startup,1,2712.574,1,2761,16384,61,P0,930,33.82,145.471,356.0
2026-07-27T19:31:23.246086+00:00,6.355,model_startup,1,2735.074,1,2765,16384,61,P8,360,18.17,145.471,356.0
2026-07-27T19:31:24.300020+00:00,7.409,model_startup,1,3265.316,12,2765,16384,60,P8,360,12.31,145.471,356.0
2026-07-27T19:31:25.346297+00:00,8.456,model_startup,1,3774.566,23,2763,16384,60,P8,360,9.63,145.471,356.0
2026-07-27T19:31:26.393483+00:00,9.503,model_startup,1,4334.316,5,2763,16384,59,P8,300,9.56,145.472,356.0
2026-07-27T19:31:27.442324+00:00,10.518,model_startup,1,5449.316,7,2758,16384,59,P8,300,9.68,145.472,356.0
2026-07-27T19:31:28.493674+00:00,11.569,model_startup,1,6694.316,17,2758,16384,59,P8,300,10.48,145.472,356.0
2026-07-27T19:31:29.549921+00:00,12.625,model_startup,1,7676.066,9,2756,16384,59,P8,300,12.02,145.472,356.0
2026-07-27T19:31:30.600534+00:00,13.676,model_startup,1,8885.816,22,2756,16384,59,P8,300,9.85,145.472,356.0
2026-07-27T19:31:31.658513+00:00,14.734,model_startup,1,10081.566,22,2756,16384,59,P8,300,11.87,145.472,356.0
2026-07-27T19:31:32.704398+00:00,15.78,model_startup,1,11225.441,18,2752,16384,59,P8,300,10.08,145.472,356.0
2026-07-27T19:31:33.907684+00:00,16.983,model_startup,1,12286.566,11,2753,16384,58,P8,300,9.73,145.472,356.0
2026-07-27T19:31:34.965142+00:00,18.041,model_startup,1,13247.691,9,2753,16384,58,P8,300,9.69,145.472,356.0
2026-07-27T19:31:36.024131+00:00,19.1,model_startup,1,14087.191,9,2773,16384,58,P8,300,9.75,145.472,356.0
2026-07-27T19:31:37.082302+00:00,20.158,model_startup,1,7942.047,8,2841,16384,58,P8,300,15.48,430.261,460.0
2026-07-27T19:31:38.130072+00:00,21.205,model_startup,1,5533.125,56,5423,16384,60,P0,1770,45.19,2930.755,3026.0
2026-07-27T19:31:39.212544+00:00,22.288,prompt_setup,1,2394.441,27,10900,16384,63,P0,1275,85.96,4383.07,8482.0
2026-07-27T19:31:40.298572+00:00,23.374,prompt_setup,1,3092.77,82,10891,16384,64,P0,1230,87.80,4411.068,8484.0
2026-07-27T19:31:41.375051+00:00,24.451,propagation,1,3715.848,99,11323,16384,64,P0,1260,85.24,4801.182,8914.0
2026-07-27T19:31:42.449109+00:00,25.525,propagation,1,4243.422,81,11332,16384,65,P0,1425,83.64,4595.824,8924.0
2026-07-27T19:31:43.661578+00:00,26.737,propagation,1,4677.246,100,11341,16384,65,P0,1320,85.67,4624.49,8926.0
2026-07-27T19:31:44.747937+00:00,27.823,propagation,1,4927.801,99,11343,16384,65,P0,1230,85.89,4596.28,8928.0
2026-07-27T19:31:45.827075+00:00,28.903,propagation,1,5346.582,99,11343,16384,66,P0,1260,83.82,4844.114,8928.0
2026-07-27T19:31:46.896984+00:00,29.972,propagation,1,5779.629,100,11345,16384,66,P0,1230,86.04,4561.817,8928.0
2026-07-27T19:31:47.975320+00:00,31.051,propagation,1,6207.16,99,11346,16384,66,P0,1230,82.19,4599.026,8930.0
2026-07-27T19:31:49.032063+00:00,32.107,propagation,1,6672.359,100,11341,16384,66,P0,1275,86.08,4562.234,8930.0
2026-07-27T19:31:50.080150+00:00,33.156,propagation,1,7114.176,99,11341,16384,66,P0,1215,83.11,5715.061,8930.0
2026-07-27T19:31:51.146131+00:00,34.222,propagation,1,7579.426,100,11341,16384,66,P0,1200,85.81,4617.994,8930.0
2026-07-27T19:31:52.214325+00:00,35.29,propagation,1,8067.898,99,11343,16384,67,P0,1380,86.17,4592.917,8932.0
2026-07-27T19:31:53.312016+00:00,36.387,propagation,1,8509.715,100,11343,16384,67,P0,1245,88.87,4604.512,8932.0
2026-07-27T19:31:54.403541+00:00,37.479,propagation,1,8951.672,100,11352,16384,67,P0,1245,86.50,4575.175,8932.0
2026-07-27T19:31:55.531784+00:00,38.607,propagation,1,9407.176,99,11358,16384,67,P0,1215,82.37,4589.85,8932.0
2026-07-27T19:31:56.608307+00:00,39.684,propagation,1,9812.355,100,11358,16384,67,P0,1215,86.33,4820.621,8932.0
2026-07-27T19:31:57.714193+00:00,40.762,propagation,1,10245.793,99,11361,16384,68,P0,1170,85.45,4591.779,8934.0
2026-07-27T19:31:58.895371+00:00,41.944,propagation,1,10696.18,100,11361,16384,68,P0,1200,93.96,4694.86,8934.0
2026-07-27T19:32:00.054269+00:00,43.103,propagation,1,11068.289,100,11347,16384,68,P0,990,85.23,4602.557,8934.0
2026-07-27T19:32:01.172107+00:00,44.22,propagation,1,11463.695,100,11344,16384,68,P0,1230,87.05,4670.608,8934.0
2026-07-27T19:32:02.310318+00:00,45.359,propagation,1,11789.262,99,11370,16384,69,P0,1245,85.44,4605.058,8936.0
2026-07-27T19:32:03.429613+00:00,46.478,propagation,1,12167.957,100,11374,16384,69,P0,1155,79.12,5115.684,8936.0
2026-07-27T19:32:04.519685+00:00,47.568,propagation,1,12580.113,99,11372,16384,69,P0,1230,85.93,4589.2,8936.0
2026-07-27T19:32:05.650364+00:00,48.699,propagation,1,12918.441,100,11384,16384,69,P0,1200,86.74,4569.423,8936.0
2026-07-27T19:32:06.746918+00:00,49.795,propagation,1,13324.281,99,11373,16384,69,P0,1215,84.92,4584.569,8938.0
2026-07-27T19:32:07.873628+00:00,50.922,propagation,1,13735.707,100,11372,16384,69,P0,1275,81.86,4569.371,8938.0
2026-07-27T19:32:08.988254+00:00,52.037,propagation,1,14091.828,99,11373,16384,69,P0,1305,88.28,4575.399,8938.0
2026-07-27T19:32:10.067285+00:00,53.116,propagation,1,14091.828,100,11368,16384,69,P0,1200,85.89,4571.324,8938.0
2026-07-27T19:32:11.154130+00:00,54.202,propagation,1,14091.828,98,11367,16384,70,P0,1215,85.59,4630.561,8940.0
2026-07-27T19:32:12.253423+00:00,55.302,propagation,1,14091.828,100,11367,16384,70,P0,1200,80.71,4571.272,8940.0
2026-07-27T19:32:13.322292+00:00,56.371,propagation,1,14091.828,99,11365,16384,70,P0,1230,84.64,5822.413,8940.0
2026-07-27T19:32:14.402847+00:00,57.451,propagation,1,14091.828,100,11354,16384,70,P0,1200,85.74,4572.319,8940.0
2026-07-27T19:32:15.498819+00:00,58.547,propagation,1,14091.953,99,11356,16384,70,P0,1200,83.03,4614.526,8942.0
2026-07-27T19:32:16.570285+00:00,59.619,propagation,1,14091.953,100,11357,16384,70,P0,1230,84.66,4617.018,8942.0
2026-07-27T19:32:17.741184+00:00,60.789,propagation,1,14091.953,100,11357,16384,70,P0,1095,85.06,4592.667,8942.0
2026-07-27T19:32:18.817217+00:00,61.865,propagation,1,14091.953,99,11357,16384,70,P0,1200,84.64,4614.215,8942.0
2026-07-27T19:32:19.909779+00:00,62.958,propagation,1,14091.953,100,11357,16384,70,P0,1230,84.41,4842.307,8942.0
2026-07-27T19:32:20.997719+00:00,64.046,propagation,1,14091.953,99,11359,16384,70,P0,1215,85.40,4601.286,8944.0
2026-07-27T19:32:22.173683+00:00,65.222,propagation,1,14091.953,100,11382,16384,71,P0,1215,84.62,4719.664,8944.0
2026-07-27T19:32:23.457471+00:00,66.506,propagation,1,14091.953,100,11398,16384,70,P0,1335,80.62,4596.784,8944.0
2026-07-27T19:32:24.624777+00:00,67.673,propagation,1,14091.953,100,11398,16384,71,P0,1230,85.57,4831.123,8944.0
2026-07-27T19:32:25.770092+00:00,68.818,propagation,1,14091.953,98,11400,16384,71,P0,945,88.01,4603.187,8946.0
2026-07-27T19:32:26.871149+00:00,69.919,propagation,1,14091.953,100,11401,16384,71,P0,1170,82.88,4741.815,8946.0
2026-07-27T19:32:27.923739+00:00,70.942,propagation,1,14091.953,99,11395,16384,71,P0,1170,85.26,4598.719,8946.0
2026-07-27T19:32:29.046566+00:00,72.065,propagation,1,14091.953,100,11392,16384,71,P0,1170,82.31,4578.023,8946.0
2026-07-27T19:32:30.107680+00:00,73.126,propagation,1,14091.953,99,11397,16384,71,P0,1170,86.95,4584.335,8948.0
2026-07-27T19:32:31.157063+00:00,74.175,propagation,1,14091.953,100,11399,16384,71,P0,1140,85.07,4580.252,8948.0
2026-07-27T19:32:32.230936+00:00,75.249,propagation,1,14091.953,100,11399,16384,71,P0,1200,85.30,5835.809,8948.0
2026-07-27T19:32:33.288405+00:00,76.307,propagation,1,14091.953,100,11409,16384,71,P0,1110,87.11,4579.925,8948.0
2026-07-27T19:32:34.340965+00:00,77.359,propagation,1,14091.953,100,11409,16384,71,P0,1185,82.84,4620.069,8950.0
2026-07-27T19:32:35.411537+00:00,78.43,propagation,1,14091.953,100,11406,16384,71,P0,1185,84.72,4627.604,8950.0
2026-07-27T19:32:36.455991+00:00,79.474,propagation,1,14091.953,99,11407,16384,71,P0,1170,85.69,4586.864,8950.0
2026-07-27T19:32:37.539684+00:00,80.558,propagation,1,14091.953,100,11413,16384,71,P0,1350,80.80,4601.699,8950.0
2026-07-27T19:32:38.612567+00:00,81.631,propagation,1,14091.953,100,11409,16384,72,P0,1185,82.74,4712.491,8950.0
2026-07-27T19:32:39.678432+00:00,82.697,propagation,1,14091.953,99,11416,16384,72,P0,1185,85.24,4619.1,8952.0
2026-07-27T19:32:40.744838+00:00,83.763,propagation,1,14091.953,100,11416,16384,72,P0,1125,84.43,4584.055,8952.0
2026-07-27T19:32:41.786065+00:00,84.804,propagation,1,14091.953,98,11416,16384,72,P0,1155,83.03,4587.805,8952.0
2026-07-27T19:32:42.845128+00:00,85.863,propagation,1,14091.953,100,11415,16384,72,P0,1155,86.14,4583.728,8952.0
2026-07-27T19:32:43.912124+00:00,86.93,propagation,1,14091.953,99,11420,16384,72,P0,1200,84.76,4631.466,8954.0
2026-07-27T19:32:44.968892+00:00,87.987,propagation,1,14091.953,100,11403,16384,72,P0,1125,84.36,4585.05,8954.0
2026-07-27T19:32:46.011964+00:00,89.03,propagation,1,14091.953,100,11397,16384,72,P0,1215,83.30,4752.607,8954.0
2026-07-27T19:32:47.120944+00:00,90.139,propagation,1,14091.953,100,11405,16384,72,P0,1170,86.09,4633.267,8954.0
2026-07-27T19:32:48.225316+00:00,91.244,propagation,1,14091.953,100,11412,16384,73,P0,945,86.64,4604.93,8956.0
2026-07-27T19:32:49.272571+00:00,92.291,propagation,1,14091.953,99,11410,16384,73,P0,1185,82.96,4607.614,8956.0
2026-07-27T19:32:50.322272+00:00,93.341,propagation,1,14091.953,100,11409,16384,73,P0,1155,84.13,8460.839,8956.0
2026-07-27T19:32:51.402823+00:00,94.421,propagation,1,14091.953,100,11408,16384,73,P0,1185,84.34,4614.308,8956.0
2026-07-27T19:32:52.449439+00:00,95.468,propagation,1,14091.953,100,11400,16384,73,P0,1155,86.23,4588.437,8956.0
2026-07-27T19:32:53.493916+00:00,96.512,propagation,1,14091.953,100,11385,16384,73,P0,1155,82.32,4592.461,8958.0
2026-07-27T19:32:54.548251+00:00,97.567,propagation,1,14091.953,100,11378,16384,73,P0,1140,84.34,4588.384,8958.0
2026-07-27T19:32:55.593911+00:00,98.612,propagation,1,14091.953,100,11390,16384,73,P0,1155,84.69,6199.097,8958.0
2026-07-27T19:32:56.649507+00:00,99.668,propagation,1,14091.953,100,11394,16384,73,P0,1140,85.31,4589.432,8958.0
2026-07-27T19:32:57.705423+00:00,100.69,propagation,1,14091.953,99,11396,16384,73,P0,1290,86.51,4618.514,8960.0
2026-07-27T19:32:58.775544+00:00,101.76,propagation,1,14091.953,100,11395,16384,73,P0,1155,84.37,4629.512,8960.0
2026-07-27T19:32:59.846788+00:00,102.832,propagation,1,14091.953,98,11403,16384,73,P0,1170,85.56,4785.031,8960.0
2026-07-27T19:33:00.916854+00:00,103.902,propagation,1,14091.953,100,11408,16384,73,P0,1170,84.59,4629.771,8960.0
2026-07-27T19:33:02.017260+00:00,105.002,propagation,1,14091.953,100,11405,16384,73,P0,1125,84.40,4704.544,8960.0
2026-07-27T19:33:03.084345+00:00,106.069,propagation,1,14091.953,99,11404,16384,73,P0,1155,85.56,4608.293,8962.0
2026-07-27T19:33:04.140368+00:00,107.125,propagation,1,14091.953,100,11404,16384,73,P0,1170,81.86,4593.093,8962.0
2026-07-27T19:33:05.188432+00:00,108.173,propagation,1,14091.953,99,11402,16384,73,P0,1170,84.23,4652.9,8962.0
2026-07-27T19:33:06.249173+00:00,109.234,propagation,1,14091.953,100,11402,16384,73,P0,1185,84.32,4593.234,8962.0
2026-07-27T19:33:07.337003+00:00,110.322,propagation,1,14091.953,99,11405,16384,74,P0,1155,80.57,4638.441,8964.0
2026-07-27T19:33:08.409273+00:00,111.394,propagation,1,14091.953,100,11417,16384,74,P0,1200,84.19,4635.372,8964.0
2026-07-27T19:33:09.473016+00:00,112.458,propagation,1,14091.953,100,11419,16384,74,P0,1170,84.78,4863.178,8964.0
2026-07-27T19:33:10.595044+00:00,113.58,propagation,1,14091.953,98,11423,16384,74,P0,1320,85.50,4613.304,8964.0
2026-07-27T19:33:11.686172+00:00,114.671,propagation,1,14091.953,100,11444,16384,74,P0,1155,78.67,4779.222,8964.0
2026-07-27T19:33:12.762808+00:00,115.748,propagation,1,14091.953,99,11449,16384,74,P0,1170,84.83,4628.373,8966.0
2026-07-27T19:33:13.846611+00:00,116.831,propagation,1,14091.953,100,11454,16384,74,P0,1215,83.84,4597.365,8966.0
2026-07-27T19:33:14.915959+00:00,117.901,propagation,1,14091.953,99,11455,16384,74,P0,1200,83.89,4675.828,8966.0
2026-07-27T19:33:16.026171+00:00,119.011,propagation,1,14091.953,100,11453,16384,74,P0,1185,86.43,4597.037,8966.0
2026-07-27T19:33:17.081094+00:00,120.066,propagation,1,14091.953,99,11428,16384,74,P0,1140,84.57,4872.588,8968.0
2026-07-27T19:33:18.130513+00:00,121.115,propagation,1,14091.953,100,11422,16384,74,P0,1170,84.56,4599.266,8968.0
2026-07-27T19:33:19.177564+00:00,122.162,propagation,1,14091.953,100,11422,16384,74,P0,1230,84.32,4617.385,8968.0
2026-07-27T19:33:20.225958+00:00,123.211,propagation,1,14091.953,100,11407,16384,74,P0,1140,83.89,4624.075,8968.0
2026-07-27T19:33:21.281487+00:00,124.266,propagation,1,14091.953,100,11409,16384,74,P0,1140,84.16,4729.603,8968.0
2026-07-27T19:33:22.323025+00:00,125.308,propagation,1,14091.953,99,11412,16384,74,P0,1155,85.26,4620.977,8970.0
2026-07-27T19:33:23.376887+00:00,126.362,propagation,1,14091.953,100,11412,16384,74,P0,1110,82.02,4601.167,8970.0
2026-07-27T19:33:24.425361+00:00,127.41,propagation,1,14091.953,99,11412,16384,74,P0,1230,84.36,4808.662,8970.0
2026-07-27T19:33:25.481045+00:00,128.466,propagation,1,14091.953,100,11412,16384,74,P0,1140,85.76,4600.84,8970.0
2026-07-27T19:33:26.531615+00:00,129.516,propagation,1,14091.953,99,11414,16384,74,P0,1185,84.67,5856.516,8972.0
2026-07-27T19:33:27.605925+00:00,130.56,propagation,1,14091.953,100,11416,16384,74,P0,1155,85.11,4602.6,8972.0
2026-07-27T19:33:28.663365+00:00,131.617,propagation,1,14091.953,100,11416,16384,75,P0,1080,84.35,4612.315,8972.0
2026-07-27T19:33:29.745276+00:00,132.699,propagation,1,14091.953,100,11415,16384,74,P0,1110,81.39,4622.497,8972.0
2026-07-27T19:33:30.816302+00:00,133.77,propagation,1,14091.953,100,11417,16384,74,P0,1170,84.89,4733.406,8972.0
2026-07-27T19:33:31.883086+00:00,134.837,propagation,1,14091.953,100,11433,16384,75,P0,1155,84.39,4624.759,8974.0
2026-07-27T19:33:32.933339+00:00,135.887,propagation,1,14091.953,100,11433,16384,75,P0,915,84.57,4604.97,8974.0
2026-07-27T19:33:33.982967+00:00,136.937,propagation,1,14091.953,100,11427,16384,74,P0,1050,83.21,4682.371,8974.0
2026-07-27T19:33:35.072771+00:00,138.026,propagation,1,14091.953,100,11428,16384,75,P0,1050,81.35,4604.643,8974.0
2026-07-27T19:33:36.125821+00:00,139.08,propagation,1,14091.953,100,11432,16384,75,P0,1155,83.45,4812.725,8976.0
2026-07-27T19:33:37.184087+00:00,140.138,propagation,1,14091.953,100,11423,16384,75,P0,1110,83.92,4606.872,8976.0
2026-07-27T19:33:38.228214+00:00,141.182,propagation,1,14091.953,99,11424,16384,75,P0,1170,84.29,4613.087,8976.0
2026-07-27T19:33:39.284013+00:00,142.238,propagation,1,14091.953,100,11423,16384,74,P0,1170,86.15,4632.286,8976.0
2026-07-27T19:33:40.354241+00:00,143.308,propagation,1,14091.953,100,11422,16384,75,P0,1125,81.73,4737.208,8976.0
2026-07-27T19:33:41.423995+00:00,144.378,propagation,1,14091.953,100,11409,16384,75,P0,1125,84.64,4630.046,8978.0
2026-07-27T19:33:42.492576+00:00,145.446,propagation,1,14091.953,100,11408,16384,75,P0,1125,83.60,4608.304,8978.0
2026-07-27T19:33:43.548834+00:00,146.503,propagation,1,14091.953,100,11408,16384,75,P0,975,84.77,4686.767,8978.0
2026-07-27T19:33:44.624928+00:00,147.579,propagation,1,14091.953,100,11408,16384,75,P0,1065,82.40,4608.445,8978.0
2026-07-27T19:33:45.665485+00:00,148.619,propagation,1,14091.953,99,11409,16384,75,P0,1110,85.94,4909.384,8980.0
2026-07-27T19:33:46.715098+00:00,149.669,propagation,1,14091.953,100,11454,16384,75,P0,1170,84.00,4650.583,8980.0
2026-07-27T19:33:47.761705+00:00,150.715,propagation,1,14091.953,100,11439,16384,75,P0,1155,84.04,4915.889,8980.0
2026-07-27T19:33:48.818228+00:00,151.772,propagation,1,14091.953,100,11426,16384,75,P0,1170,84.14,4641.11,8980.0
2026-07-27T19:33:49.876254+00:00,152.83,propagation,1,14091.953,100,11421,16384,75,P0,1125,83.41,4610.347,8980.0
2026-07-27T19:33:50.939823+00:00,153.894,propagation,1,14091.953,99,11425,16384,75,P0,1140,81.18,4616.672,8982.0
2026-07-27T19:33:51.989274+00:00,154.943,propagation,1,14091.953,100,11411,16384,75,P0,1110,84.64,4612.576,8982.0
2026-07-27T19:33:53.073461+00:00,156.027,propagation,1,14091.953,100,11401,16384,75,P0,1185,84.83,4666.851,8982.0
2026-07-27T19:33:54.120550+00:00,157.074,propagation,1,14091.953,99,11405,16384,75,P0,1140,83.90,4612.248,8982.0
2026-07-27T19:33:55.179474+00:00,158.133,propagation,1,14091.953,100,11409,16384,75,P0,1140,84.46,4623.574,8984.0
2026-07-27T19:33:56.228325+00:00,159.182,propagation,1,14091.953,100,11408,16384,75,P0,1245,82.59,4639.333,8984.0
2026-07-27T19:33:57.336453+00:00,160.259,propagation,1,14091.953,100,11404,16384,75,P0,1065,83.39,4736.973,8984.0
2026-07-27T19:33:58.398466+00:00,161.321,propagation,1,14091.953,100,11409,16384,75,P0,1155,83.48,4628.854,8984.0
2026-07-27T19:33:59.466479+00:00,162.389,propagation,1,14091.953,100,11409,16384,75,P0,1185,80.53,4614.149,8984.0
2026-07-27T19:34:00.516384+00:00,163.439,propagation,1,14091.953,99,11403,16384,75,P0,1170,84.81,4838.664,8986.0
2026-07-27T19:34:01.568049+00:00,164.49,propagation,1,14091.953,100,11403,16384,75,P0,1170,83.58,4616.378,8986.0
2026-07-27T19:34:02.632428+00:00,165.555,propagation,1,14091.953,99,11407,16384,75,P0,1155,84.10,4625.638,8986.0
2026-07-27T19:34:03.683831+00:00,166.606,propagation,1,14091.953,100,11420,16384,75,P0,1020,84.27,4640.887,8986.0
2026-07-27T19:34:04.737229+00:00,167.66,propagation,1,14091.953,100,11408,16384,75,P0,1305,83.71,4800.137,8986.0
2026-07-27T19:34:05.783023+00:00,168.705,propagation,1,14091.953,99,11410,16384,75,P0,1125,86.22,4622.456,8988.0
2026-07-27T19:34:06.843350+00:00,169.766,propagation,1,14091.953,100,11421,16384,75,P0,1140,84.58,4618.28,8988.0
2026-07-27T19:34:07.900610+00:00,170.823,propagation,1,14091.953,99,11421,16384,75,P0,1170,83.97,4892.774,8988.0
2026-07-27T19:34:08.947358+00:00,171.87,propagation,1,14091.953,100,11415,16384,76,P0,1110,84.46,4617.952,8988.0
2026-07-27T19:34:10.006567+00:00,172.929,propagation,1,14091.953,100,11432,16384,76,P0,1155,84.58,4629.276,8990.0
2026-07-27T19:34:11.079614+00:00,174.002,propagation,1,14091.953,99,11476,16384,76,P0,1110,82.60,4655.21,8990.0
2026-07-27T19:34:12.131025+00:00,175.053,propagation,1,14091.953,100,11478,16384,75,P0,1140,82.56,4619.712,8990.0
2026-07-27T19:34:13.179584+00:00,176.102,propagation,1,14091.953,99,11479,16384,76,P0,1095,80.99,4661.207,8990.0
2026-07-27T19:34:14.225655+00:00,177.148,propagation,1,14091.953,100,11478,16384,76,P0,1110,82.54,4619.854,8990.0
2026-07-27T19:34:15.278606+00:00,178.201,propagation,1,14091.953,100,11480,16384,76,P0,1155,82.86,6230.373,8992.0
2026-07-27T19:34:16.329053+00:00,179.251,propagation,1,14091.953,99,11480,16384,76,P0,1110,84.36,4677.178,8992.0
2026-07-27T19:34:17.394718+00:00,180.317,propagation,1,14091.953,100,11496,16384,76,P0,1140,84.89,4631.319,8992.0
2026-07-27T19:34:18.451744+00:00,181.374,propagation,1,14091.953,100,11500,16384,75,P0,1170,86.96,4642.415,8992.0
2026-07-27T19:34:19.525123+00:00,182.448,propagation,1,14091.953,100,11499,16384,76,P0,1170,83.34,4752.419,8992.0
2026-07-27T19:34:20.577655+00:00,183.5,propagation,1,14091.953,99,11501,16384,76,P0,1095,84.47,4643.757,8994.0
2026-07-27T19:34:21.629880+00:00,184.552,propagation,1,14091.953,100,11478,16384,76,P0,1110,82.05,4623.984,8994.0
2026-07-27T19:34:22.679908+00:00,185.602,propagation,1,14091.953,99,11478,16384,76,P0,1125,84.85,4683.322,8994.0
2026-07-27T19:34:23.727725+00:00,186.65,propagation,1,14091.953,100,11480,16384,76,P0,870,84.66,4623.656,8994.0
2026-07-27T19:34:24.777535+00:00,187.7,propagation,1,14091.953,100,11482,16384,76,P0,960,83.14,4643.863,8996.0
2026-07-27T19:34:25.831595+00:00,188.754,propagation,1,14091.953,100,11478,16384,76,P0,1050,81.28,4645.641,8996.0
2026-07-27T19:34:26.895595+00:00,189.818,propagation,1,14091.953,100,11478,16384,76,P0,1095,85.79,4755.709,8996.0
2026-07-27T19:34:27.942214+00:00,190.834,propagation,1,14091.953,100,11482,16384,76,P0,1125,84.45,4646.358,8996.0
2026-07-27T19:34:29.004466+00:00,191.896,propagation,1,14091.953,100,11482,16384,76,P0,1200,80.69,4625.558,8996.0
2026-07-27T19:34:30.054373+00:00,192.946,propagation,1,14091.953,99,11480,16384,76,P0,1125,84.30,5882.171,8998.0
2026-07-27T19:34:31.162213+00:00,194.054,propagation,1,14091.953,100,11500,16384,76,P0,840,83.50,4627.787,8998.0
2026-07-27T19:34:32.223378+00:00,195.115,propagation,1,14091.953,99,11501,16384,76,P0,1155,80.64,4667.437,8998.0
2026-07-27T19:34:33.285476+00:00,196.177,propagation,1,14091.953,100,11501,16384,76,P0,1110,84.39,4665.311,8998.0
2026-07-27T19:34:34.342441+00:00,197.234,propagation,1,14091.953,100,11517,16384,76,P0,1185,83.82,4720.46,8998.0
2026-07-27T19:34:35.523352+00:00,198.415,propagation,1,14091.953,99,11513,16384,76,P0,1125,83.85,4665.683,9000.0
2026-07-27T19:34:36.592237+00:00,199.484,propagation,1,14091.953,100,11518,16384,76,P0,1005,82.32,4629.688,9000.0
2026-07-27T19:34:37.645656+00:00,200.538,propagation,1,14091.953,100,11505,16384,76,P0,1155,80.61,4634.344,9000.0
2026-07-27T19:34:38.712088+00:00,201.604,propagation,1,14091.953,100,11504,16384,76,P0,1155,82.49,4629.36,9000.0
2026-07-27T19:34:39.765712+00:00,202.658,propagation,1,14091.953,100,11479,16384,76,P0,1140,84.31,4678.692,9002.0
2026-07-27T19:34:40.818930+00:00,203.711,propagation,1,14091.953,100,11483,16384,76,P0,1110,84.06,4631.121,9002.0
2026-07-27T19:34:41.887163+00:00,204.779,propagation,1,14091.953,100,11483,16384,76,P0,1110,83.82,4640.849,9002.0
2026-07-27T19:34:42.946107+00:00,205.838,propagation,1,14091.953,100,11506,16384,76,P0,1140,83.59,4656.098,9002.0
2026-07-27T19:34:44.017884+00:00,206.91,propagation,1,14091.953,100,11502,16384,76,P0,1200,83.41,4693.848,9002.0
2026-07-27T19:34:45.074015+00:00,207.966,propagation,1,14091.953,99,11505,16384,76,P0,1080,84.72,4637.627,9004.0
2026-07-27T19:34:46.127841+00:00,209.02,propagation,1,14091.953,100,11504,16384,76,P0,1110,84.92,4633.491,9004.0
2026-07-27T19:34:47.185180+00:00,210.077,propagation,1,14091.953,99,11504,16384,76,P0,1125,84.15,4856.133,9004.0
2026-07-27T19:34:48.234437+00:00,211.126,propagation,1,14091.953,100,11496,16384,76,P0,1140,83.61,4633.163,9004.0
2026-07-27T19:34:49.287086+00:00,212.179,propagation,1,14091.953,100,11496,16384,76,P0,1140,84.74,4645.981,9006.0
2026-07-27T19:34:50.335982+00:00,213.228,propagation,1,14091.953,100,11495,16384,76,P0,1200,84.92,4660.248,9006.0
2026-07-27T19:34:51.383713+00:00,214.276,propagation,1,14091.953,100,11484,16384,76,P0,1140,82.93,4728.981,9006.0
2026-07-27T19:34:52.437558+00:00,215.329,propagation,1,14091.953,100,11489,16384,76,P0,1110,84.72,4651.666,9006.0
2026-07-27T19:34:53.488455+00:00,216.38,propagation,1,14091.953,100,11484,16384,76,P0,1005,84.77,4635.064,9006.0
2026-07-27T19:34:54.534548+00:00,217.426,propagation,1,14091.953,99,11502,16384,76,P0,1125,84.23,4710.399,9008.0
2026-07-27T19:34:55.585340+00:00,218.477,propagation,1,14091.953,100,11502,16384,76,P0,1110,84.01,4636.825,9008.0
2026-07-27T19:34:56.632004+00:00,219.524,propagation,1,14091.953,100,11502,16384,76,P0,1140,84.83,4646.553,9008.0
2026-07-27T19:34:57.700170+00:00,220.561,propagation,1,14091.953,99,11502,16384,76,P0,1125,82.68,4657.626,9008.0
2026-07-27T19:34:58.792283+00:00,221.653,propagation,1,14091.953,100,11502,16384,76,P0,1035,83.08,7281.427,9008.0
2026-07-27T19:34:59.878024+00:00,222.739,propagation,1,14091.953,100,11496,16384,76,P0,1140,84.76,4659.996,9010.0
2026-07-27T19:35:00.934913+00:00,223.795,propagation,1,14091.953,100,11496,16384,76,P0,1200,84.06,4639.195,9010.0
2026-07-27T19:35:01.992323+00:00,224.853,propagation,1,14091.953,100,11496,16384,76,P0,1095,84.57,4688.97,9010.0
2026-07-27T19:35:03.043795+00:00,225.904,propagation,1,14091.953,100,11496,16384,77,P0,840,84.41,4638.867,9010.0
2026-07-27T19:35:04.097151+00:00,226.958,propagation,1,14091.953,100,11505,16384,76,P0,1185,82.11,4668.418,9012.0
2026-07-27T19:35:05.150055+00:00,228.011,propagation,1,14091.953,99,11505,16384,76,P0,1080,81.48,4661.853,9012.0
2026-07-27T19:35:06.206969+00:00,229.067,propagation,1,14091.953,100,11505,16384,76,P0,1140,79.60,4771.389,9012.0
2026-07-27T19:35:07.270410+00:00,230.131,propagation,1,14091.953,100,11505,16384,76,P0,1140,84.33,4672.683,9012.0
2026-07-27T19:35:08.331663+00:00,231.192,propagation,1,14091.953,100,11505,16384,76,P0,1080,81.76,4640.769,9012.0
2026-07-27T19:35:09.381620+00:00,232.242,propagation,1,14091.953,99,11500,16384,76,P0,1095,84.09,4685.729,9014.0
2026-07-27T19:35:10.435449+00:00,233.296,propagation,1,14091.953,100,11500,16384,76,P0,1110,84.90,4642.529,9014.0
2026-07-27T19:35:11.486420+00:00,234.347,propagation,1,14091.953,100,11500,16384,76,P0,1110,81.75,4683.242,9014.0
2026-07-27T19:35:12.535870+00:00,235.396,propagation,1,14091.953,100,11500,16384,76,P0,1080,84.37,4680.766,9014.0
2026-07-27T19:35:13.586568+00:00,236.447,propagation,1,14091.953,100,11499,16384,76,P0,1200,82.10,4705.256,9014.0
2026-07-27T19:35:14.646131+00:00,237.507,propagation,1,14091.953,100,11531,16384,76,P0,1140,85.38,4671.243,9016.0
2026-07-27T19:35:15.698849+00:00,238.559,propagation,1,14091.953,100,11527,16384,77,P0,1185,84.59,4644.899,9016.0
2026-07-27T19:35:16.746666+00:00,239.607,propagation,1,14091.953,99,11525,16384,77,P0,1080,84.94,4690.518,9016.0
2026-07-27T19:35:17.800223+00:00,240.661,propagation,1,14091.953,100,11521,16384,77,P0,1095,83.49,4644.571,9016.0
2026-07-27T19:35:18.846550+00:00,241.707,propagation,1,14091.953,100,11515,16384,76,P0,1140,83.88,4665.247,9018.0
2026-07-27T19:35:19.895092+00:00,242.756,propagation,1,14091.953,100,11520,16384,77,P0,1140,80.88,4666.556,9018.0
2026-07-27T19:35:20.952458+00:00,243.813,propagation,1,14091.953,100,11500,16384,77,P0,1140,80.07,4740.39,9018.0
2026-07-27T19:35:21.996590+00:00,244.857,propagation,1,14091.953,100,11501,16384,77,P0,1125,83.15,4662.083,9018.0
2026-07-27T19:35:23.064971+00:00,245.925,propagation,1,14091.953,100,11512,16384,76,P0,1125,82.63,4646.473,9018.0
2026-07-27T19:35:24.118421+00:00,246.979,propagation,1,14091.953,99,11514,16384,77,P0,1110,84.15,5902.617,9020.0
2026-07-27T19:35:25.161617+00:00,248.022,propagation,1,14091.953,100,11515,16384,77,P0,1140,83.86,4648.233,9020.0
2026-07-27T19:35:26.230098+00:00,249.091,propagation,1,14091.953,100,11511,16384,76,P0,1080,84.55,4666.821,9020.0
2026-07-27T19:35:27.292861+00:00,250.153,propagation,1,14091.953,99,11504,16384,77,P0,1110,82.37,4669.13,9020.0
2026-07-27T19:35:28.354420+00:00,251.184,propagation,1,14091.953,100,11503,16384,77,P0,1110,84.36,5146.335,9020.0
2026-07-27T19:35:29.417149+00:00,252.246,propagation,1,14091.953,100,11506,16384,77,P0,1095,84.09,4665.34,9022.0
2026-07-27T19:35:30.484643+00:00,253.314,propagation,1,14091.953,100,11501,16384,76,P0,1110,81.24,4650.603,9022.0
2026-07-27T19:35:31.542318+00:00,254.371,propagation,1,14091.953,100,11505,16384,77,P0,1125,84.57,6439.665,9022.0
2026-07-27T19:35:32.600509+00:00,255.43,propagation,1,14091.953,100,11542,16384,77,P0,1125,83.59,4650.275,9022.0
2026-07-27T19:35:33.676372+00:00,256.506,propagation,1,14091.953,100,11538,16384,77,P0,1020,85.72,4670.951,9024.0
2026-07-27T19:35:34.740586+00:00,257.57,propagation,1,14091.953,100,11526,16384,77,P0,1155,82.59,4672.26,9024.0
2026-07-27T19:35:35.801392+00:00,258.631,propagation,1,14091.953,100,11530,16384,77,P0,1155,82.67,5079.219,9024.0
2026-07-27T19:35:36.855075+00:00,259.684,propagation,1,14091.953,100,11530,16384,77,P0,1065,84.46,4673.884,9024.0
2026-07-27T19:35:37.916026+00:00,260.745,propagation,1,14091.953,100,11505,16384,77,P0,885,83.78,4652.177,9024.0
2026-07-27T19:35:38.982626+00:00,261.812,propagation,1,14091.953,99,11507,16384,77,P0,1185,83.43,5908.321,9026.0
2026-07-27T19:35:40.034122+00:00,262.863,propagation,1,14091.953,100,11512,16384,77,P0,1110,83.83,4653.937,9026.0
2026-07-27T19:35:41.088546+00:00,263.918,propagation,1,14091.953,100,11512,16384,76,P0,1005,86.78,4672.525,9026.0
2026-07-27T19:35:42.142967+00:00,264.972,propagation,1,14091.953,100,11506,16384,76,P0,1110,84.99,4674.833,9026.0
2026-07-27T19:35:43.204645+00:00,266.034,propagation,1,14091.953,100,11506,16384,76,P0,1245,79.57,4767.29,9026.0
2026-07-27T19:35:44.254422+00:00,267.084,propagation,1,14091.953,100,11512,16384,76,P0,1095,84.72,4671.039,9028.0
2026-07-27T19:35:45.314078+00:00,268.143,propagation,1,14091.953,100,11513,16384,76,P0,1170,84.01,4656.307,9028.0
2026-07-27T19:35:46.361946+00:00,269.191,propagation,1,14091.953,99,11508,16384,76,P0,1095,84.22,6265.645,9028.0
2026-07-27T19:35:47.417033+00:00,270.246,propagation,1,14091.953,100,11508,16384,76,P0,1125,84.62,4655.979,9028.0
2026-07-27T19:35:48.469020+00:00,271.298,propagation,1,14091.953,100,11514,16384,76,P0,1035,86.21,4676.655,9030.0
2026-07-27T19:35:49.537792+00:00,272.367,propagation,1,14091.953,100,11553,16384,76,P0,1050,81.88,4677.965,9030.0
2026-07-27T19:35:50.607208+00:00,273.436,propagation,1,14091.953,100,11552,16384,76,P0,1125,83.93,4788.501,9030.0
2026-07-27T19:35:51.662522+00:00,274.492,propagation,1,14091.953,99,11546,16384,76,P0,1125,84.06,4688.487,9030.0
2026-07-27T19:35:52.734093+00:00,275.563,propagation,1,14091.953,100,11546,16384,76,P0,1125,84.33,4657.881,9030.0
2026-07-27T19:35:53.804883+00:00,276.634,propagation,1,14091.953,99,11544,16384,76,P0,825,86.84,4737.997,9032.0
2026-07-27T19:35:54.867650+00:00,277.697,propagation,1,14091.953,100,11522,16384,76,P0,1050,83.40,4659.641,9032.0
2026-07-27T19:35:55.922987+00:00,278.752,propagation,1,14091.953,100,11525,16384,75,P0,1155,85.45,4706.792,9032.0
2026-07-27T19:35:56.989311+00:00,279.818,propagation,1,14091.953,100,11525,16384,76,P0,1140,84.04,4691.276,9032.0
2026-07-27T19:35:58.050295+00:00,280.848,propagation,1,14091.953,100,11520,16384,76,P0,1110,84.85,4985.619,9032.0
2026-07-27T19:35:59.138763+00:00,281.936,propagation,1,14091.953,100,11539,16384,76,P0,1155,84.47,4698.225,9034.0
2026-07-27T19:36:00.209963+00:00,283.007,propagation,1,14091.953,100,11532,16384,75,P0,1095,82.36,4662.011,9034.0
2026-07-27T19:36:01.267164+00:00,284.065,propagation,1,14091.953,99,11569,16384,75,P0,1065,81.39,4665.76,9034.0
2026-07-27T19:36:02.316733+00:00,285.114,propagation,1,14091.953,100,11573,16384,75,P0,1125,83.95,4661.684,9034.0
2026-07-27T19:36:03.368666+00:00,286.166,propagation,1,14091.953,99,11569,16384,75,P0,1095,83.45,5918.297,9036.0
2026-07-27T19:36:04.421660+00:00,287.219,propagation,1,14091.953,100,11567,16384,75,P0,1110,84.26,4663.913,9036.0
2026-07-27T19:36:05.475734+00:00,288.273,propagation,1,14091.953,100,11567,16384,75,P0,1155,84.72,4670.128,9036.0
2026-07-27T19:36:06.531654+00:00,289.329,propagation,1,14091.953,99,11566,16384,75,P0,1125,84.22,4689.327,9036.0
2026-07-27T19:36:07.603730+00:00,290.401,propagation,1,14091.953,100,11553,16384,75,P0,1200,78.72,4757.546,9036.0
2026-07-27T19:36:08.660399+00:00,291.458,propagation,1,14091.953,99,11553,16384,75,P0,1185,86.06,4680.551,9038.0
2026-07-27T19:36:09.721720+00:00,292.519,propagation,1,14091.953,100,11553,16384,75,P0,1140,81.64,4665.345,9038.0
2026-07-27T19:36:10.779450+00:00,293.577,propagation,1,14091.953,99,11549,16384,75,P0,1155,84.64,5920.777,9038.0
2026-07-27T19:36:11.827154+00:00,294.625,propagation,1,14091.953,100,11549,16384,75,P0,885,86.44,4665.486,9038.0
2026-07-27T19:36:12.886567+00:00,295.684,propagation,1,14091.953,100,11551,16384,75,P0,1170,83.17,4838.743,9040.0
2026-07-27T19:36:13.947269+00:00,296.745,propagation,1,14091.953,100,11535,16384,75,P0,1155,84.03,4713.788,9040.0
2026-07-27T19:36:14.999818+00:00,297.797,propagation,1,14091.953,100,11524,16384,75,P0,1170,86.19,4719.805,9040.0
2026-07-27T19:36:16.057938+00:00,298.855,propagation,1,14091.953,99,11524,16384,75,P0,1125,84.43,4704.52,9040.0
2026-07-27T19:36:17.121600+00:00,299.919,propagation,1,14091.953,100,11525,16384,75,P0,1065,86.15,4667.388,9040.0
2026-07-27T19:36:18.177826+00:00,300.975,propagation,1,14091.953,99,11535,16384,75,P0,1215,84.56,4896.188,9042.0
2026-07-27T19:36:19.241615+00:00,302.039,propagation,1,14091.953,100,11540,16384,75,P0,1140,86.00,4669.617,9042.0
2026-07-27T19:36:20.296341+00:00,303.094,propagation,1,14091.953,99,11540,16384,75,P0,1170,85.42,5919.517,9042.0
2026-07-27T19:36:21.342629+00:00,304.14,propagation,1,14091.953,100,11540,16384,75,P0,1155,84.28,4726.533,9042.0
2026-07-27T19:36:22.394238+00:00,305.192,propagation,1,14091.953,100,11565,16384,75,P0,1155,84.52,4676.087,9044.0
2026-07-27T19:36:23.458216+00:00,306.256,propagation,1,14091.953,100,11566,16384,75,P0,1050,84.62,4696.354,9044.0
2026-07-27T19:36:24.520304+00:00,307.318,propagation,1,14091.953,100,11565,16384,75,P0,1155,82.87,5168.639,9044.0
2026-07-27T19:36:25.581323+00:00,308.379,propagation,1,14091.953,99,11563,16384,75,P0,1140,83.56,4685.895,9044.0
2026-07-27T19:36:26.639162+00:00,309.437,propagation,1,14091.953,100,11564,16384,75,P0,1200,84.16,4671.19,9044.0
2026-07-27T19:36:27.693713+00:00,310.46,propagation,1,14091.953,100,11560,16384,75,P0,1155,84.13,4723.784,9046.0
2026-07-27T19:36:28.756713+00:00,311.523,propagation,1,14091.953,100,11559,16384,74,P0,1020,87.23,4673.419,9046.0
2026-07-27T19:36:29.807280+00:00,312.574,propagation,1,14091.953,100,11566,16384,74,P0,1155,83.31,4898.593,9046.0
2026-07-27T19:36:30.863131+00:00,313.63,propagation,1,14091.953,99,11561,16384,75,P0,1110,84.63,4710.938,9046.0
2026-07-27T19:36:31.922453+00:00,314.689,propagation,1,14091.953,100,11561,16384,74,P0,1200,85.53,4806.711,9046.0
2026-07-27T19:36:32.988371+00:00,315.755,propagation,1,14091.953,99,11563,16384,74,P0,1140,84.41,4701.192,9048.0
2026-07-27T19:36:34.052349+00:00,316.819,propagation,1,14091.953,100,11551,16384,75,P0,1200,82.79,4675.321,9048.0
2026-07-27T19:36:35.126213+00:00,317.893,propagation,1,14091.953,99,11568,16384,74,P0,1155,80.98,4679.975,9048.0
2026-07-27T19:36:36.179327+00:00,318.946,propagation,1,14091.953,100,11569,16384,74,P0,1095,88.27,4674.993,9048.0
2026-07-27T19:36:37.231568+00:00,319.998,propagation,1,14091.953,100,11571,16384,74,P0,1140,84.47,4722.953,9050.0
2026-07-27T19:36:38.279609+00:00,321.046,propagation,1,14091.953,99,11571,16384,74,P0,1185,83.64,4676.753,9050.0
2026-07-27T19:36:39.356833+00:00,322.124,propagation,1,14091.953,100,11567,16384,75,P0,1080,84.45,4686.468,9050.0
2026-07-27T19:36:40.408959+00:00,323.176,propagation,1,14091.953,100,11567,16384,74,P0,1230,84.33,4702.657,9050.0
2026-07-27T19:36:41.497140+00:00,324.264,propagation,1,14091.953,100,11568,16384,74,P0,1140,84.22,5174.856,9050.0
2026-07-27T19:36:42.544068+00:00,325.311,propagation,1,14091.953,100,11569,16384,74,P0,1155,83.95,4698.893,9052.0
2026-07-27T19:36:43.597279+00:00,326.364,propagation,1,14091.953,100,11564,16384,74,P0,1155,80.72,4679.124,9052.0
2026-07-27T19:36:44.645561+00:00,327.412,propagation,1,14091.953,99,11559,16384,74,P0,960,84.78,4737.774,9052.0
2026-07-27T19:36:45.698551+00:00,328.465,propagation,1,14091.953,100,11553,16384,74,P0,1095,83.35,4678.796,9052.0
2026-07-27T19:36:46.759763+00:00,329.526,propagation,1,14091.953,99,11556,16384,74,P0,1155,85.23,4902.62,9054.0
2026-07-27T19:36:47.813480+00:00,330.58,propagation,1,14091.953,100,11557,16384,74,P0,1155,83.68,4729.026,9054.0
2026-07-27T19:36:48.866209+00:00,331.633,propagation,1,14091.953,100,11559,16384,74,P0,1155,83.91,4685.735,9054.0
2026-07-27T19:36:49.918022+00:00,332.685,propagation,1,14091.953,100,11558,16384,74,P0,1140,84.95,4706.439,9054.0
2026-07-27T19:36:51.008283+00:00,333.775,propagation,1,14091.953,100,11560,16384,74,P0,1110,82.52,5274.926,9054.0
2026-07-27T19:36:52.070784+00:00,334.838,propagation,1,14091.953,99,11555,16384,74,P0,1200,85.62,4697.63,9056.0
2026-07-27T19:36:53.123827+00:00,335.891,propagation,1,14091.953,100,11551,16384,74,P0,1245,81.68,4682.458,9056.0
2026-07-27T19:36:54.168774+00:00,336.935,propagation,1,14091.953,99,11551,16384,74,P0,1155,84.56,4741.795,9056.0
2026-07-27T19:36:55.224738+00:00,337.991,propagation,1,14091.953,100,11551,16384,74,P0,1170,83.16,4682.599,9056.0
2026-07-27T19:36:56.276229+00:00,339.043,propagation,1,14091.953,100,11556,16384,74,P0,1110,81.93,6468.249,9058.0
2026-07-27T19:36:57.340428+00:00,340.107,propagation,1,14091.953,99,11558,16384,74,P0,1155,84.12,4727.297,9058.0
2026-07-27T19:36:58.406817+00:00,341.143,propagation,1,14091.953,100,11557,16384,74,P0,1155,84.12,4990.042,9058.0
2026-07-27T19:36:59.464573+00:00,342.201,propagation,1,14091.953,99,11557,16384,74,P0,1155,84.11,4715.264,9058.0
2026-07-27T19:37:00.519158+00:00,343.255,propagation,1,14091.953,100,11587,16384,74,P0,1155,83.18,4684.5,9058.0
2026-07-27T19:37:01.574659+00:00,344.311,propagation,1,14091.953,99,11590,16384,74,P0,1170,81.18,4690.805,9060.0
2026-07-27T19:37:02.632537+00:00,345.369,propagation,1,14091.953,100,11592,16384,74,P0,1125,84.89,4686.729,9060.0
2026-07-27T19:37:03.681709+00:00,346.418,propagation,1,14091.953,99,11592,16384,74,P0,1140,84.68,4735.348,9060.0
2026-07-27T19:37:04.736605+00:00,347.473,propagation,1,14091.953,100,11597,16384,74,P0,1170,84.65,4686.401,9060.0
2026-07-27T19:37:05.884935+00:00,348.621,propagation,1,14091.953,99,11599,16384,74,P0,1185,84.63,4723.546,9062.0
2026-07-27T19:37:06.939005+00:00,349.675,propagation,1,14091.953,100,11591,16384,74,P0,1170,80.64,4712.02,9062.0
2026-07-27T19:37:08.022052+00:00,350.758,propagation,1,14091.953,100,11594,16384,74,P0,1170,83.38,4780.791,9062.0
2026-07-27T19:37:09.084061+00:00,351.82,propagation,1,14091.953,99,11599,16384,74,P0,1155,84.59,4724.254,9062.0
2026-07-27T19:37:10.145134+00:00,352.881,propagation,1,14091.953,100,11583,16384,74,P0,1200,82.29,4688.303,9062.0
2026-07-27T19:37:11.211618+00:00,353.948,propagation,1,14091.953,99,11608,16384,74,P0,1260,86.15,4917.325,9064.0
2026-07-27T19:37:12.265300+00:00,355.001,propagation,1,14091.953,100,11611,16384,74,P0,1155,86.85,4690.532,9064.0
2026-07-27T19:37:13.313349+00:00,356.049,propagation,1,14091.953,99,11602,16384,74,P0,1155,83.79,6299.87,9064.0
2026-07-27T19:37:14.364010+00:00,357.1,propagation,1,14091.953,100,11599,16384,74,P0,1155,84.72,4690.204,9064.0
2026-07-27T19:37:15.416392+00:00,358.153,propagation,1,14091.953,100,11601,16384,74,P0,1125,84.01,4702.021,9066.0
2026-07-27T19:37:16.469244+00:00,359.205,propagation,1,14091.953,100,11593,16384,74,P0,1275,87.01,4709.695,9066.0
2026-07-27T19:37:17.524818+00:00,360.261,propagation,1,14091.953,100,11593,16384,74,P0,1155,83.20,4786.022,9066.0
2026-07-27T19:37:18.582224+00:00,361.318,propagation,1,14091.953,99,11577,16384,74,P0,1140,84.21,4712.781,9066.0
2026-07-27T19:37:19.642852+00:00,362.379,propagation,1,14091.953,100,11578,16384,74,P0,1200,82.64,4692.105,9066.0
2026-07-27T19:37:20.693391+00:00,363.43,propagation,1,14091.953,100,11586,16384,74,P0,1020,84.52,4772.222,9068.0
2026-07-27T19:37:21.761080+00:00,364.497,propagation,1,14091.953,100,11589,16384,74,P0,1110,81.17,4693.866,9068.0
2026-07-27T19:37:22.815604+00:00,365.552,propagation,1,14091.953,100,11589,16384,74,P0,1170,86.25,4740.422,9068.0
2026-07-27T19:37:23.862147+00:00,366.598,propagation,1,14091.953,100,11593,16384,74,P0,1155,84.68,4736.603,9068.0
2026-07-27T19:37:24.911756+00:00,367.648,propagation,1,14091.953,99,11592,16384,74,P0,1155,84.46,4698.257,9070.0
2026-07-27T19:37:25.965469+00:00,368.702,propagation,1,14091.953,100,11594,16384,74,P0,1155,84.54,4721.072,9070.0
2026-07-27T19:37:27.020100+00:00,369.756,propagation,1,14091.953,100,11591,16384,74,P0,1215,80.05,5244.45,9070.0
2026-07-27T19:37:28.072700+00:00,370.778,propagation,1,14091.953,99,11591,16384,74,P0,1140,85.99,4710.646,9070.0
2026-07-27T19:37:29.135322+00:00,371.841,propagation,1,14091.953,100,11590,16384,73,P0,1155,82.17,4695.908,9070.0
2026-07-27T19:37:30.185642+00:00,372.891,propagation,1,14091.953,99,11592,16384,74,P0,1155,84.95,4756.303,9072.0
2026-07-27T19:37:31.253387+00:00,373.959,propagation,1,14091.953,100,11592,16384,74,P0,1155,84.51,4698.137,9072.0
2026-07-27T19:37:32.310965+00:00,375.017,propagation,1,14091.953,99,11596,16384,74,P0,1155,83.98,4747.725,9072.0
2026-07-27T19:37:33.378693+00:00,376.084,propagation,1,14091.953,100,11596,16384,74,P0,1200,86.97,4736.063,9072.0
2026-07-27T19:37:34.434235+00:00,377.14,propagation,1,14091.953,100,11598,16384,74,P0,1170,84.44,4952.811,9072.0
2026-07-27T19:37:35.485782+00:00,378.191,propagation,1,14091.953,100,11598,16384,74,P0,1185,84.35,4724.863,9074.0
2026-07-27T19:37:36.532714+00:00,379.238,propagation,1,14091.953,100,11600,16384,74,P0,1140,83.09,4699.57,9074.0
2026-07-27T19:37:37.584451+00:00,380.29,propagation,1,14091.953,99,11588,16384,74,P0,1155,83.31,4703.807,9074.0
2026-07-27T19:37:38.638899+00:00,381.344,propagation,1,14091.953,100,11596,16384,74,P0,1095,84.72,4699.711,9074.0
2026-07-27T19:37:39.686211+00:00,382.392,propagation,1,14091.953,99,11596,16384,74,P0,1170,84.76,6310.699,9076.0
2026-07-27T19:37:40.732922+00:00,383.438,propagation,1,14091.953,100,11596,16384,74,P0,1155,84.50,4701.94,9076.0
2026-07-27T19:37:41.789525+00:00,384.495,propagation,1,14091.953,100,11595,16384,74,P0,1275,85.32,4737.434,9076.0
2026-07-27T19:37:42.843896+00:00,385.549,propagation,1,14091.953,99,11606,16384,74,P0,1140,86.03,4725.472,9076.0
2026-07-27T19:37:43.896236+00:00,386.602,propagation,1,14091.953,100,11584,16384,74,P0,1185,86.00,4754.074,9076.0
2026-07-27T19:37:44.960801+00:00,387.666,propagation,1,14091.953,99,11612,16384,74,P0,1155,84.45,4738.886,9078.0
2026-07-27T19:37:46.037811+00:00,388.743,propagation,1,14091.953,100,11610,16384,74,P0,1020,83.64,4703.841,9078.0
2026-07-27T19:37:47.125905+00:00,389.831,propagation,1,14091.953,99,11613,16384,74,P0,1125,81.02,4708.5,9078.0
2026-07-27T19:37:48.196945+00:00,390.902,propagation,1,14091.953,100,11608,16384,74,P0,1110,82.28,4703.514,9078.0
2026-07-27T19:37:49.264883+00:00,391.97,propagation,1,14091.953,99,11606,16384,73,P0,1170,84.44,6314.033,9080.0
2026-07-27T19:37:50.332679+00:00,393.038,propagation,1,14091.953,100,11606,16384,74,P0,900,84.58,4705.274,9080.0
2026-07-27T19:37:51.403977+00:00,394.11,propagation,1,14091.953,99,11605,16384,74,P0,1155,82.47,4755.331,9080.0
2026-07-27T19:37:52.474068+00:00,395.18,propagation,1,14091.953,100,11603,16384,74,P0,1185,86.04,4750.033,9080.0
2026-07-27T19:37:53.543259+00:00,396.249,propagation,1,14091.953,100,11596,16384,73,P0,1155,83.97,4973.501,9080.0
2026-07-27T19:37:54.614420+00:00,397.32,propagation,1,14091.953,99,11595,16384,74,P0,945,84.53,4736.476,9082.0
2026-07-27T19:37:55.682101+00:00,398.388,propagation,1,14091.953,100,11601,16384,74,P0,1245,84.49,4790.108,9082.0
2026-07-27T19:37:56.733939+00:00,399.439,propagation,1,14091.953,99,11600,16384,74,P0,1170,84.68,4722.021,9082.0
2026-07-27T19:37:57.787713+00:00,400.461,propagation,1,14091.953,100,11599,16384,73,P0,1140,81.70,4707.316,9082.0
2026-07-27T19:37:58.852008+00:00,401.526,propagation,1,14091.953,99,11596,16384,74,P0,1185,85.15,4767.711,9084.0
2026-07-27T19:37:59.909005+00:00,402.583,propagation,1,14091.953,100,11590,16384,73,P0,1260,80.58,4709.545,9084.0
2026-07-27T19:38:01.090939+00:00,403.765,propagation,1,14091.953,100,11580,16384,74,P0,1185,84.19,4758.165,9084.0
2026-07-27T19:38:02.161011+00:00,404.835,propagation,1,14091.953,100,11585,16384,74,P0,1140,84.33,4709.218,9084.0
2026-07-27T19:38:03.218329+00:00,405.892,propagation,1,14091.953,100,11588,16384,73,P0,1035,84.57,4729.425,9086.0
2026-07-27T19:38:04.262846+00:00,406.936,propagation,1,14091.953,99,11588,16384,74,P0,1170,84.65,4731.203,9086.0
2026-07-27T19:38:05.320970+00:00,407.995,propagation,1,14091.953,100,11588,16384,74,P0,1170,87.19,4813.692,9086.0
2026-07-27T19:38:06.365764+00:00,409.039,propagation,1,14091.953,99,11580,16384,74,P0,1155,84.32,4730.929,9086.0
2026-07-27T19:38:07.446786+00:00,410.12,propagation,1,14091.953,100,11581,16384,73,P0,1095,85.08,4711.119,9086.0
2026-07-27T19:38:08.514740+00:00,411.188,propagation,1,14091.953,99,11583,16384,74,P0,1245,86.59,4717.423,9088.0
2026-07-27T19:38:09.573435+00:00,412.247,propagation,1,14091.953,100,11584,16384,73,P0,1035,86.41,4713.348,9088.0
2026-07-27T19:38:10.636440+00:00,413.31,propagation,1,14091.953,99,11584,16384,74,P0,1155,84.23,4987.249,9088.0
2026-07-27T19:38:11.680083+00:00,414.354,propagation,1,14091.953,100,11584,16384,74,P0,1155,84.78,4713.021,9088.0
2026-07-27T19:38:12.737652+00:00,415.411,propagation,1,14091.953,99,11580,16384,73,P0,1260,85.22,4742.571,9090.0
2026-07-27T19:38:13.786511+00:00,416.46,propagation,1,14091.953,100,11575,16384,74,P0,1170,86.24,4739.108,9090.0
2026-07-27T19:38:14.840882+00:00,417.514,propagation,1,14091.953,100,11571,16384,74,P0,1155,85.34,4848.497,9090.0
2026-07-27T19:38:15.913584+00:00,418.587,propagation,1,14091.953,99,11573,16384,74,P0,1155,85.13,4753.36,9090.0
2026-07-27T19:38:16.975104+00:00,419.649,propagation,1,14091.953,100,11600,16384,74,P0,1065,86.32,4714.922,9090.0
2026-07-27T19:38:18.033252+00:00,420.707,propagation,1,14091.953,99,11602,16384,73,P0,1140,81.56,4720.758,9092.0
2026-07-27T19:38:19.083424+00:00,421.757,propagation,1,14091.953,100,11590,16384,74,P0,1065,87.09,4716.682,9092.0
2026-07-27T19:38:20.150666+00:00,422.824,propagation,1,14091.953,99,11594,16384,74,P0,1185,85.30,4791.208,9092.0
2026-07-27T19:38:21.223774+00:00,423.897,propagation,1,14091.953,100,11610,16384,74,P0,1185,84.97,4716.823,9092.0
2026-07-27T19:38:22.294213+00:00,424.968,propagation,1,14091.953,100,11592,16384,73,P0,1215,86.71,4737.499,9094.0
2026-07-27T19:38:23.345576+00:00,426.019,propagation,1,14091.953,99,11587,16384,74,P0,1170,82.91,4739.809,9094.0
2026-07-27T19:38:24.402178+00:00,427.076,propagation,1,14091.953,100,11591,16384,74,P0,1155,88.83,4821.767,9094.0
2026-07-27T19:38:25.461383+00:00,428.135,propagation,1,14091.953,99,11591,16384,74,P0,1140,84.36,4755.855,9094.0
2026-07-27T19:38:26.513639+00:00,429.187,propagation,1,14091.953,100,11573,16384,73,P0,1110,84.68,4718.725,9094.0
2026-07-27T19:38:27.585244+00:00,430.259,propagation,1,14091.953,99,11578,16384,74,P0,1140,85.04,4725.029,9096.0
2026-07-27T19:38:28.643818+00:00,431.288,propagation,1,14091.953,100,11578,16384,73,P0,1140,84.82,4720.954,9096.0
2026-07-27T19:38:29.698093+00:00,432.342,propagation,1,14091.953,99,11572,16384,74,P0,1125,84.70,4790.417,9096.0
2026-07-27T19:38:30.752046+00:00,433.396,propagation,1,14091.953,100,11572,16384,74,P0,1155,84.62,4720.626,9096.0
2026-07-27T19:38:31.810839+00:00,434.455,propagation,1,14091.953,100,11579,16384,73,P0,1125,85.95,4740.833,9098.0
2026-07-27T19:38:32.860630+00:00,435.505,propagation,1,14091.953,100,11579,16384,74,P0,1140,82.17,4742.049,9098.0
2026-07-27T19:38:33.910198+00:00,436.554,propagation,1,14091.953,100,11584,16384,73,P0,1155,84.38,4784.601,9098.0
2026-07-27T19:38:34.972150+00:00,437.616,propagation,1,14091.953,100,11575,16384,73,P0,1140,84.47,4750.369,9098.0
2026-07-27T19:38:36.027893+00:00,438.672,propagation,1,14091.953,100,11580,16384,73,P0,1065,83.38,4722.527,9098.0
2026-07-27T19:38:37.096567+00:00,439.741,propagation,1,14091.953,99,11583,16384,73,P0,1185,80.99,4728.832,9100.0
2026-07-27T19:38:38.150556+00:00,440.795,propagation,1,14091.953,100,11583,16384,74,P0,1170,81.34,4724.756,9100.0
2026-07-27T19:38:39.197255+00:00,441.841,propagation,1,14091.953,99,11576,16384,73,P0,1155,84.49,4770.844,9100.0
2026-07-27T19:38:40.253685+00:00,442.898,propagation,1,14091.953,100,11581,16384,74,P0,1155,84.53,4724.429,9100.0
2026-07-27T19:38:41.306417+00:00,443.95,propagation,1,14091.953,100,11583,16384,73,P0,1050,85.09,4745.104,9102.0
2026-07-27T19:38:42.368752+00:00,445.013,propagation,1,14091.953,99,11578,16384,74,P0,1155,82.73,4746.32,9102.0
2026-07-27T19:38:43.424628+00:00,446.069,propagation,1,14091.953,100,11578,16384,74,P0,1155,85.07,8601.014,9102.0
2026-07-27T19:38:44.474569+00:00,447.119,propagation,1,14091.953,99,11583,16384,74,P0,1155,84.60,4760.141,9102.0
2026-07-27T19:38:45.523186+00:00,448.167,propagation,1,14091.953,100,11583,16384,73,P0,1125,83.92,4726.33,9102.0
2026-07-27T19:38:46.573384+00:00,449.217,propagation,1,14091.953,99,11580,16384,73,P0,1245,83.34,4955.353,9104.0
2026-07-27T19:38:47.626308+00:00,450.27,propagation,1,14091.953,100,11585,16384,73,P0,1185,82.03,4728.09,9104.0
2026-07-27T19:38:48.681149+00:00,451.325,propagation,1,14091.953,100,11585,16384,74,P0,1170,84.52,5983.522,9104.0
2026-07-27T19:38:49.727111+00:00,452.371,propagation,1,14091.953,99,11580,16384,74,P0,1140,85.01,4728.231,9104.0
2026-07-27T19:38:50.795640+00:00,453.44,propagation,1,14091.953,100,11582,16384,73,P0,990,86.74,4748.907,9106.0
2026-07-27T19:38:51.849820+00:00,454.494,propagation,1,14091.953,100,11587,16384,74,P0,1185,82.46,4751.217,9106.0
2026-07-27T19:38:52.897484+00:00,455.541,propagation,1,14091.953,99,11587,16384,74,P0,1155,78.63,4860.753,9106.0
2026-07-27T19:38:53.959506+00:00,456.604,propagation,1,14091.953,100,11582,16384,74,P0,1170,84.96,4749.922,9106.0
2026-07-27T19:38:55.045834+00:00,457.69,propagation,1,14091.953,100,11588,16384,74,P0,1095,84.35,4730.133,9106.0
2026-07-27T19:38:56.110225+00:00,458.754,propagation,1,14091.953,99,11591,16384,74,P0,1200,84.79,4938.684,9108.0
2026-07-27T19:38:57.178104+00:00,459.822,propagation,1,14091.953,100,11590,16384,74,P0,1140,87.27,4732.362,9108.0
2026-07-27T19:38:58.251995+00:00,460.865,propagation,1,14091.953,99,11608,16384,74,P0,1170,83.90,5982.262,9108.0
2026-07-27T19:38:59.341969+00:00,461.955,propagation,1,14091.953,100,11619,16384,74,P0,1170,84.80,4732.034,9108.0
2026-07-27T19:39:00.459757+00:00,463.073,propagation,1,14091.953,100,11620,16384,74,P0,855,84.73,4752.241,9110.0
2026-07-27T19:39:01.532399+00:00,464.146,propagation,1,14091.953,98,11618,16384,74,P0,1155,83.84,4755.02,9110.0
2026-07-27T19:39:02.607042+00:00,465.22,propagation,1,14091.953,100,11617,16384,74,P0,1155,87.87,4864.087,9110.0
2026-07-27T19:39:03.673816+00:00,466.287,propagation,1,14091.953,99,11613,16384,74,P0,1170,84.33,4761.777,9110.0
2026-07-27T19:39:04.732269+00:00,467.346,propagation,1,14091.953,100,11607,16384,74,P0,990,87.54,4733.936,9110.0
2026-07-27T19:39:05.785612+00:00,468.399,propagation,1,14091.953,99,11605,16384,74,P0,1185,81.26,4776.143,9112.0
2026-07-27T19:39:06.836279+00:00,469.45,propagation,1,14091.953,100,11601,16384,74,P0,1140,85.87,4736.165,9112.0
2026-07-27T19:39:07.890068+00:00,470.504,propagation,1,14091.953,100,11599,16384,74,P0,1140,84.09,4782.252,9112.0
2026-07-27T19:39:08.940663+00:00,471.554,propagation,1,14091.953,99,11630,16384,74,P0,1140,84.58,4735.837,9112.0
2026-07-27T19:39:10.016195+00:00,472.63,propagation,1,14091.953,100,11637,16384,74,P0,1080,84.69,4756.513,9114.0
2026-07-27T19:39:11.075471+00:00,473.689,propagation,1,14091.953,99,11640,16384,74,P0,1155,82.49,4757.822,9114.0
2026-07-27T19:39:12.132359+00:00,474.746,propagation,1,14091.953,99,11640,16384,74,P0,1170,83.92,4840.78,9114.0
2026-07-27T19:39:13.184842+00:00,475.798,propagation,1,14091.953,100,11638,16384,74,P0,1155,85.03,4758.454,9114.0
2026-07-27T19:39:14.233976+00:00,476.847,propagation,1,14091.953,100,11633,16384,74,P0,1065,83.78,4737.738,9114.0
2026-07-27T19:39:15.279656+00:00,477.893,propagation,1,14091.953,99,11631,16384,73,P0,1230,81.29,4946.042,9116.0
2026-07-27T19:39:16.333587+00:00,478.947,propagation,1,14091.953,100,11612,16384,73,P0,1110,83.88,4739.499,9116.0
2026-07-27T19:39:17.404851+00:00,480.018,propagation,1,14091.953,99,11612,16384,74,P0,1155,84.36,4805.836,9116.0
2026-07-27T19:39:18.455089+00:00,481.069,propagation,1,14091.953,100,11611,16384,74,P0,1125,84.90,4739.64,9116.0
2026-07-27T19:39:19.510029+00:00,482.123,propagation,1,14091.953,99,11613,16384,73,P0,1065,84.19,4760.315,9118.0
2026-07-27T19:39:20.569884+00:00,483.183,propagation,1,14091.953,100,11612,16384,74,P0,1155,81.74,4765.727,9118.0
2026-07-27T19:39:21.620501+00:00,484.234,propagation,1,14091.953,100,11608,16384,74,P0,1200,81.47,4844.583,9118.0
2026-07-27T19:39:22.673981+00:00,485.287,propagation,1,14091.953,99,11635,16384,74,P0,1170,84.78,4761.354,9118.0
2026-07-27T19:39:23.727877+00:00,486.341,propagation,1,14091.953,100,11634,16384,74,P0,1065,83.85,4741.541,9118.0
2026-07-27T19:39:24.793014+00:00,487.406,propagation,1,14091.953,99,11638,16384,74,P0,1260,82.39,4970.342,9120.0
2026-07-27T19:39:25.860095+00:00,488.474,propagation,1,14091.953,100,11653,16384,73,P0,1155,82.17,4743.77,9120.0
2026-07-27T19:39:26.918042+00:00,489.531,propagation,1,14091.953,99,11653,16384,74,P0,1155,84.43,4950.858,9120.0
2026-07-27T19:39:27.999132+00:00,490.581,propagation,1,14091.953,99,11641,16384,74,P0,1155,84.44,4743.442,9120.0
2026-07-27T19:39:29.053305+00:00,491.635,propagation,1,14091.953,100,11646,16384,74,P0,1170,84.26,4754.767,9122.0
2026-07-27T19:39:30.110758+00:00,492.693,propagation,1,14091.953,99,11646,16384,73,P0,1230,84.87,4762.934,9122.0
2026-07-27T19:39:31.157081+00:00,493.739,propagation,1,14091.953,100,11624,16384,74,P0,1140,79.90,4875.495,9122.0
2026-07-27T19:39:32.215090+00:00,494.797,propagation,1,14091.953,99,11621,16384,73,P0,1155,84.43,4765.122,9122.0
2026-07-27T19:39:33.273808+00:00,495.856,propagation,1,14091.953,100,11616,16384,73,P0,1155,82.08,4745.344,9122.0
2026-07-27T19:39:34.326468+00:00,496.908,propagation,1,14091.953,100,11637,16384,74,P0,1155,85.04,4790.772,9124.0
2026-07-27T19:39:35.377166+00:00,497.959,propagation,1,14091.953,99,11626,16384,73,P0,1290,83.54,4747.573,9124.0
2026-07-27T19:39:36.428561+00:00,499.01,propagation,1,14091.953,99,11626,16384,73,P0,1155,82.57,4791.129,9124.0
2026-07-27T19:39:37.489447+00:00,500.071,propagation,1,14091.953,100,11626,16384,74,P0,1140,84.53,4787.153,9124.0
2026-07-27T19:39:38.539084+00:00,501.121,propagation,1,14091.953,99,11597,16384,74,P0,1140,84.75,5015.332,9124.0
2026-07-27T19:39:39.588456+00:00,502.17,propagation,1,14091.953,100,11604,16384,74,P0,1185,84.43,4785.469,9126.0
2026-07-27T19:39:40.641908+00:00,503.224,propagation,1,14091.953,100,11606,16384,73,P0,975,83.75,4772.691,9126.0
2026-07-27T19:39:41.715769+00:00,504.298,propagation,1,14091.953,99,11606,16384,74,P0,1155,87.69,4754.189,9126.0
2026-07-27T19:39:42.785389+00:00,505.367,propagation,1,14091.953,100,11626,16384,73,P0,1125,85.09,4749.146,9126.0
2026-07-27T19:39:43.844886+00:00,506.427,propagation,1,14091.953,99,11647,16384,74,P0,1155,84.83,5024.45,9128.0
2026-07-27T19:39:44.910495+00:00,507.492,propagation,1,14091.953,100,11647,16384,74,P0,1155,85.20,4750.907,9128.0
2026-07-27T19:39:45.966774+00:00,508.549,propagation,1,14091.953,100,11635,16384,73,P0,1230,81.88,4787.463,9128.0
2026-07-27T19:39:47.021435+00:00,509.603,propagation,1,14091.953,100,11633,16384,74,P0,1185,83.20,4775.28,9128.0
2026-07-27T19:39:48.069179+00:00,510.651,propagation,1,14091.953,100,11621,16384,74,P0,1200,83.73,4803.509,9128.0
2026-07-27T19:39:49.128786+00:00,511.711,propagation,1,14091.953,99,11630,16384,74,P0,1170,84.26,4788.322,9130.0
2026-07-27T19:39:50.193313+00:00,512.775,propagation,1,14091.953,100,11630,16384,73,P0,990,84.55,4753.277,9130.0
2026-07-27T19:39:51.255832+00:00,513.838,propagation,1,14091.953,99,11626,16384,74,P0,1155,81.24,4757.025,9130.0
2026-07-27T19:39:52.313729+00:00,514.896,propagation,1,14091.953,100,11627,16384,73,P0,1125,82.51,4752.949,9130.0
2026-07-27T19:39:53.380644+00:00,515.962,propagation,1,14091.953,100,11625,16384,73,P0,1155,84.72,6363.938,9132.0
2026-07-27T19:39:54.431774+00:00,517.014,propagation,1,14091.953,99,11626,16384,74,P0,1170,84.99,4755.178,9132.0
2026-07-27T19:39:55.501366+00:00,518.083,propagation,1,14091.953,100,11632,16384,73,P0,1350,86.79,4782.172,9132.0
2026-07-27T19:39:56.554979+00:00,519.137,propagation,1,14091.953,99,11628,16384,74,P0,1140,86.49,4779.987,9132.0
2026-07-27T19:39:57.613943+00:00,520.196,propagation,1,14091.953,99,11628,16384,73,P0,1155,86.52,4888.47,9132.0
2026-07-27T19:39:58.679116+00:00,521.231,propagation,1,14091.953,100,11647,16384,73,P0,1155,84.10,4784.921,9134.0
2026-07-27T19:39:59.742227+00:00,522.294,propagation,1,14091.953,100,11647,16384,74,P0,1110,81.87,4756.611,9134.0
2026-07-27T19:40:00.789951+00:00,523.342,propagation,1,14091.953,99,11653,16384,74,P0,1275,86.13,4984.824,9134.0
2026-07-27T19:40:01.850191+00:00,524.402,propagation,1,14091.953,100,11648,16384,73,P0,1170,85.63,4756.752,9134.0
2026-07-27T19:40:02.900168+00:00,525.452,propagation,1,14091.953,99,11650,16384,73,P0,1170,83.55,6007.834,9136.0
2026-07-27T19:40:03.942514+00:00,526.494,propagation,1,14091.953,100,11647,16384,74,P0,1155,83.69,4758.981,9136.0
2026-07-27T19:40:05.008291+00:00,527.56,propagation,1,14091.953,99,11635,16384,74,P0,1170,84.35,4768.241,9136.0
2026-07-27T19:40:06.062791+00:00,528.615,propagation,1,14091.953,100,11654,16384,74,P0,1275,86.68,4778.526,9136.0
2026-07-27T19:40:07.114003+00:00,529.666,propagation,1,14091.953,100,11655,16384,74,P0,1170,82.04,4852.615,9136.0
2026-07-27T19:40:08.160605+00:00,530.712,propagation,1,14091.953,100,11656,16384,74,P0,1155,84.83,4782.156,9138.0
2026-07-27T19:40:09.215525+00:00,531.767,propagation,1,14091.953,100,11656,16384,74,P0,1155,82.20,4760.882,9138.0
2026-07-27T19:40:10.265609+00:00,532.817,propagation,1,14091.953,99,11647,16384,74,P0,1125,84.74,4814.604,9138.0
2026-07-27T19:40:11.318536+00:00,533.87,propagation,1,14091.953,100,11666,16384,74,P0,1215,85.96,4760.555,9138.0
2026-07-27T19:40:12.389738+00:00,534.941,propagation,1,14091.953,100,11668,16384,74,P0,1185,85.74,4840.952,9140.0
2026-07-27T19:40:13.458259+00:00,536.01,propagation,1,14091.953,100,11670,16384,74,P0,1155,84.58,4802.692,9140.0
2026-07-27T19:40:14.526856+00:00,537.079,propagation,1,14091.953,100,11669,16384,74,P0,1125,84.68,4767.494,9140.0
2026-07-27T19:40:15.583038+00:00,538.135,propagation,1,14091.953,99,11673,16384,73,P0,1095,83.24,4787.292,9140.0
2026-07-27T19:40:16.645273+00:00,539.197,propagation,1,14091.953,100,11659,16384,74,P0,1320,84.19,4906.042,9140.0
2026-07-27T19:40:17.699377+00:00,540.251,propagation,1,14091.953,99,11679,16384,74,P0,1185,81.76,4779.417,9142.0
2026-07-27T19:40:18.749604+00:00,541.301,propagation,1,14091.953,100,11677,16384,73,P0,1155,84.80,4764.685,9142.0
2026-07-27T19:40:19.796489+00:00,542.348,propagation,1,14091.953,100,11666,16384,74,P0,1170,83.92,4814.46,9142.0
2026-07-27T19:40:20.852121+00:00,543.404,propagation,1,14091.953,100,11670,16384,73,P0,1035,87.23,4764.357,9142.0
2026-07-27T19:40:21.923038+00:00,544.475,propagation,1,14091.953,99,11673,16384,74,P0,1200,80.12,4970.377,9144.0
2026-07-27T19:40:22.979057+00:00,545.531,propagation,1,14091.953,100,11673,16384,73,P0,1155,84.11,4809.056,9144.0
2026-07-27T19:40:24.030867+00:00,546.583,propagation,1,14091.953,99,11676,16384,74,P0,1155,84.62,5034.301,9144.0
2026-07-27T19:40:25.088351+00:00,547.64,propagation,1,14091.953,100,11676,16384,74,P0,1140,84.24,4802.194,9144.0
2026-07-27T19:40:26.156181+00:00,548.708,propagation,1,14091.953,100,11666,16384,73,P0,1275,84.00,5223.72,9144.0
2026-07-27T19:40:27.218545+00:00,549.77,propagation,1,14091.953,99,11670,16384,74,P0,1170,85.44,4783.225,9146.0
2026-07-27T19:40:28.286683+00:00,550.809,propagation,1,14091.953,100,11681,16384,73,P0,1215,81.62,4768.019,9146.0
2026-07-27T19:40:29.339326+00:00,551.861,propagation,1,14091.953,99,11681,16384,73,P0,1155,84.19,6023.451,9146.0
2026-07-27T19:40:30.405683+00:00,552.928,propagation,1,14091.953,100,11697,16384,73,P0,1080,85.52,4768.16,9146.0
2026-07-27T19:40:31.462293+00:00,553.984,propagation,1,14091.953,100,11694,16384,74,P0,1110,83.53,4810.836,9148.0
2026-07-27T19:40:32.502889+00:00,555.025,propagation,1,14091.953,100,11696,16384,73,P0,1155,84.01,4808.241,9148.0
2026-07-27T19:40:33.553786+00:00,556.076,propagation,1,14091.953,100,11693,16384,73,P0,1155,84.44,5025.018,9148.0
2026-07-27T19:40:34.610883+00:00,557.133,propagation,1,14091.953,99,11696,16384,73,P0,1170,84.86,4794.886,9148.0
2026-07-27T19:40:35.687830+00:00,558.21,propagation,1,14091.953,100,11698,16384,74,P0,1125,81.48,4770.062,9148.0
2026-07-27T19:40:36.741084+00:00,559.263,propagation,1,14091.953,99,11694,16384,74,P0,1140,85.57,4776.373,9150.0
2026-07-27T19:40:37.800602+00:00,560.322,propagation,1,14091.953,100,11684,16384,73,P0,1230,83.70,4772.291,9150.0
2026-07-27T19:40:38.865173+00:00,561.387,propagation,1,14091.953,100,11683,16384,74,P0,1155,84.70,6381.753,9150.0
2026-07-27T19:40:39.922617+00:00,562.444,propagation,1,14091.953,99,11655,16384,74,P0,1155,84.69,4771.963,9150.0
2026-07-27T19:40:40.991538+00:00,563.513,propagation,1,14091.953,100,11659,16384,74,P0,1275,82.49,4809.107,9152.0
2026-07-27T19:40:42.046209+00:00,564.568,propagation,1,14091.953,99,11662,16384,74,P0,1185,84.18,4797.583,9152.0
2026-07-27T19:40:43.093013+00:00,565.615,propagation,1,14091.953,100,11662,16384,74,P0,1170,86.91,4906.971,9152.0
2026-07-27T19:40:44.140312+00:00,566.662,propagation,1,14091.953,100,11662,16384,74,P0,1140,84.57,4806.188,9152.0
2026-07-27T19:40:45.190245+00:00,567.712,propagation,1,14091.953,100,11662,16384,74,P0,1080,82.32,4773.864,9152.0
2026-07-27T19:40:46.244966+00:00,568.767,propagation,1,14091.953,100,11657,16384,74,P0,1140,84.43,4780.174,9154.0
2026-07-27T19:40:47.302616+00:00,569.824,propagation,1,14091.953,100,11650,16384,73,P0,1125,84.95,4776.093,9154.0
2026-07-27T19:40:48.358110+00:00,570.88,propagation,1,14091.953,99,11644,16384,73,P0,1155,84.19,6385.431,9154.0
2026-07-27T19:40:49.407228+00:00,571.929,propagation,1,14091.953,100,11644,16384,74,P0,990,84.75,4775.766,9154.0
2026-07-27T19:40:50.457709+00:00,572.98,propagation,1,14091.953,100,11646,16384,74,P0,1170,85.16,5002.59,9156.0
2026-07-27T19:40:51.501610+00:00,574.023,propagation,1,14091.953,100,11646,16384,73,P0,1155,83.73,4815.846,9156.0
2026-07-27T19:40:52.549709+00:00,575.072,propagation,1,14091.953,100,11658,16384,74,P0,1170,83.22,5032.624,9156.0
2026-07-27T19:40:53.601115+00:00,576.123,propagation,1,14091.953,99,11659,16384,74,P0,1170,84.11,4813.304,9156.0
2026-07-27T19:40:54.654382+00:00,577.176,propagation,1,14091.953,100,11659,16384,73,P0,1125,82.86,4777.667,9156.0
2026-07-27T19:40:55.705443+00:00,578.227,propagation,1,14091.953,100,11661,16384,74,P0,1155,81.26,4783.51,9158.0
2026-07-27T19:40:56.760131+00:00,579.282,propagation,1,14091.953,100,11654,16384,73,P0,1080,82.01,4779.427,9158.0
2026-07-27T19:40:57.840895+00:00,580.333,propagation,1,14091.953,100,11686,16384,74,P0,1155,85.24,6389.234,9158.0
2026-07-27T19:40:58.893656+00:00,581.386,propagation,1,14091.953,100,11686,16384,74,P0,1200,84.33,4779.568,9158.0
2026-07-27T19:40:59.951481+00:00,582.443,propagation,1,14091.953,100,11688,16384,74,P0,1290,84.73,4817.182,9160.0
2026-07-27T19:41:01.010187+00:00,583.502,propagation,1,14091.953,99,11692,16384,74,P0,1200,85.81,4805.656,9160.0
2026-07-27T19:41:02.060419+00:00,584.552,propagation,1,14091.953,100,11692,16384,74,P0,1155,84.81,4833.887,9160.0
2026-07-27T19:41:03.119928+00:00,585.612,propagation,1,14091.953,99,11681,16384,74,P0,1140,83.76,4809.312,9160.0
2026-07-27T19:41:04.185739+00:00,586.678,propagation,1,14091.953,100,11680,16384,74,P0,1155,83.97,4781.47,9160.0
2026-07-27T19:41:05.238851+00:00,587.731,propagation,1,14091.953,99,11682,16384,74,P0,1275,84.94,4823.677,9162.0
2026-07-27T19:41:06.292920+00:00,588.785,propagation,1,14091.953,100,11680,16384,73,P0,1020,85.32,4783.699,9162.0
2026-07-27T19:41:07.350210+00:00,589.842,propagation,1,14091.953,100,11680,16384,74,P0,1185,84.51,4832.318,9162.0
2026-07-27T19:41:08.403858+00:00,590.896,propagation,1,14091.953,99,11680,16384,74,P0,1155,84.62,4783.371,9162.0
2026-07-27T19:41:09.456812+00:00,591.949,propagation,1,14091.953,100,11680,16384,73,P0,900,84.15,4803.578,9164.0
2026-07-27T19:41:10.527672+00:00,593.02,propagation,1,14091.953,100,11666,16384,74,P0,1140,83.46,4805.991,9164.0
2026-07-27T19:41:11.598399+00:00,594.09,propagation,1,14091.953,99,11650,16384,74,P0,1170,87.67,8659.488,9164.0
2026-07-27T19:41:12.669809+00:00,595.162,propagation,1,14091.953,100,11677,16384,74,P0,1185,85.63,4805.077,9164.0
2026-07-27T19:41:14.001719+00:00,596.494,propagation,1,14091.953,100,11676,16384,74,P0,1245,81.25,5379.501,9164.0
2026-07-27T19:41:15.113327+00:00,597.605,propagation,1,14091.953,97,11679,16384,74,P0,1185,83.99,4822.941,9166.0
2026-07-27T19:41:16.182510+00:00,598.675,propagation,1,14091.953,100,11678,16384,74,P0,1155,82.83,4787.501,9166.0
2026-07-27T19:41:17.250181+00:00,599.742,propagation,1,14091.953,99,11672,16384,73,P0,1155,81.31,4791.25,9166.0
2026-07-27T19:41:18.312928+00:00,600.805,propagation,1,14091.953,100,11677,16384,73,P0,1155,81.73,4787.174,9166.0
2026-07-27T19:41:19.363359+00:00,601.855,propagation,1,14091.953,100,11674,16384,74,P0,1155,84.25,6398.162,9168.0
2026-07-27T19:41:20.411924+00:00,602.904,propagation,1,14091.953,100,11669,16384,74,P0,1155,84.48,4789.403,9168.0
2026-07-27T19:41:21.468900+00:00,603.961,propagation,1,14091.953,100,11658,16384,73,P0,1155,82.16,5015.17,9168.0
2026-07-27T19:41:22.520396+00:00,605.012,propagation,1,14091.953,100,11688,16384,74,P0,1155,84.72,4835.796,9168.0
2026-07-27T19:41:23.583286+00:00,606.075,propagation,1,14091.953,100,11764,16384,74,P0,1170,86.05,4919.74,9168.0
2026-07-27T19:41:24.641351+00:00,607.133,propagation,1,14091.953,100,11747,16384,74,P0,1155,79.96,4812.105,9170.0
2026-07-27T19:41:25.702323+00:00,608.194,propagation,1,14091.953,100,11702,16384,74,P0,1095,83.71,4790.835,9170.0
2026-07-27T19:41:26.849122+00:00,609.341,propagation,1,14091.953,99,11728,16384,73,P0,1200,86.63,4998.33,9170.0
2026-07-27T19:41:27.926654+00:00,610.389,propagation,1,14091.953,100,11764,16384,74,P0,1320,81.66,4790.977,9170.0
2026-07-27T19:41:29.004222+00:00,611.466,propagation,1,14091.953,98,11688,16384,74,P0,1125,81.89,4833.652,9172.0
2026-07-27T19:41:30.060527+00:00,612.522,propagation,1,14091.953,100,11701,16384,74,P0,1155,84.01,4831.057,9172.0
2026-07-27T19:41:31.137221+00:00,613.599,propagation,1,14091.953,100,11719,16384,74,P0,1200,77.63,4885.834,9172.0
2026-07-27T19:41:32.251689+00:00,614.714,propagation,1,14091.953,99,11722,16384,74,P0,1230,83.73,4828.829,9172.0
2026-07-27T19:41:33.314541+00:00,615.776,propagation,1,14091.953,100,11696,16384,74,P0,1065,84.23,4792.878,9172.0
2026-07-27T19:41:34.381934+00:00,616.844,propagation,1,14091.953,99,11706,16384,73,P0,1290,85.45,5021.679,9174.0
2026-07-27T19:41:35.444611+00:00,617.907,propagation,1,14091.953,100,11706,16384,74,P0,1140,84.81,4795.107,9174.0
2026-07-27T19:41:36.500799+00:00,618.963,propagation,1,14091.953,100,11762,16384,74,P0,1185,85.67,5017.875,9174.0
2026-07-27T19:41:37.575199+00:00,620.037,propagation,1,14091.953,99,11724,16384,74,P0,1170,84.68,4839.397,9174.0
2026-07-27T19:41:38.631774+00:00,621.094,propagation,1,14091.953,100,11718,16384,74,P0,1170,84.09,5049.78,9174.0
2026-07-27T19:41:39.780377+00:00,622.242,propagation,1,14091.953,99,11704,16384,74,P0,945,84.35,4821.844,9176.0
2026-07-27T19:41:40.848033+00:00,623.31,propagation,1,14091.953,99,11697,16384,74,P0,1260,84.31,4890.129,9176.0
2026-07-27T19:41:41.907512+00:00,624.369,propagation,1,14091.953,100,11694,16384,74,P0,1140,84.36,4816.454,9176.0
2026-07-27T19:41:42.977085+00:00,625.439,propagation,1,14091.953,100,11694,16384,74,P0,1095,82.32,4796.681,9176.0
2026-07-27T19:41:44.021677+00:00,626.484,propagation,1,14091.953,99,11680,16384,74,P0,1170,84.94,4842.109,9178.0
2026-07-27T19:41:45.075437+00:00,627.537,propagation,1,14091.953,100,11670,16384,74,P0,1155,82.09,4798.91,9178.0
2026-07-27T19:41:46.123982+00:00,628.586,propagation,1,14091.953,100,11663,16384,74,P0,1140,82.09,4871.466,9178.0
2026-07-27T19:41:47.168094+00:00,629.63,propagation,1,14091.953,100,11649,16384,74,P0,1155,84.73,4844.032,9178.0
2026-07-27T19:41:48.215392+00:00,630.677,propagation,1,14091.953,100,11647,16384,74,P0,1155,84.83,4802.833,9180.0
2026-07-27T19:41:49.276667+00:00,631.739,propagation,1,14091.953,100,11642,16384,73,P0,1185,82.77,4820.565,9180.0
2026-07-27T19:41:50.328035+00:00,632.79,propagation,1,14091.953,100,11642,16384,74,P0,1200,78.64,4931.104,9180.0
2026-07-27T19:41:51.377716+00:00,633.84,propagation,1,14091.953,99,11646,16384,74,P0,1155,86.49,4822.19,9180.0
2026-07-27T19:41:52.419388+00:00,634.881,propagation,1,14091.953,100,11647,16384,74,P0,1110,83.82,4800.483,9180.0
2026-07-27T19:41:53.480807+00:00,635.943,propagation,1,14091.953,99,11644,16384,74,P0,855,84.21,4861.85,9182.0
2026-07-27T19:41:54.544321+00:00,637.006,propagation,1,14091.953,100,11644,16384,74,P0,1035,82.37,4802.244,9182.0
2026-07-27T19:41:55.590289+00:00,638.052,propagation,1,14091.953,100,11649,16384,74,P0,1140,86.40,4848.8,9182.0
2026-07-27T19:41:56.643554+00:00,639.105,propagation,1,14091.953,100,11648,16384,74,P0,1140,85.16,4802.385,9182.0
2026-07-27T19:41:57.709028+00:00,640.171,propagation,1,14091.953,100,11646,16384,74,P0,1155,84.62,4814.188,9184.0
2026-07-27T19:41:58.780781+00:00,641.212,propagation,1,14091.953,99,11651,16384,74,P0,1245,87.10,4837.143,9184.0
2026-07-27T19:41:59.838321+00:00,642.269,propagation,1,14091.953,100,11651,16384,74,P0,1140,80.43,5231.328,9184.0
2026-07-27T19:42:00.896512+00:00,643.328,propagation,1,14091.953,99,11646,16384,74,P0,1125,83.84,4824.056,9184.0
2026-07-27T19:42:01.949118+00:00,644.38,propagation,1,14091.953,100,11646,16384,74,P0,1110,84.37,4804.286,9184.0
2026-07-27T19:42:03.026358+00:00,645.457,propagation,1,14091.953,100,11653,16384,73,P0,1215,85.71,5012.837,9186.0
2026-07-27T19:42:04.081194+00:00,646.512,propagation,1,14091.953,99,11653,16384,73,P0,1080,86.06,4806.515,9186.0
2026-07-27T19:42:05.124004+00:00,647.555,propagation,1,14091.953,99,11648,16384,73,P0,1155,83.97,6056.416,9186.0
2026-07-27T19:42:06.175099+00:00,648.606,propagation,1,14091.953,100,11648,16384,74,P0,1155,84.90,4806.188,9186.0
2026-07-27T19:42:07.233660+00:00,649.665,propagation,1,14091.953,100,11655,16384,74,P0,930,84.21,4826.395,9188.0
2026-07-27T19:42:08.284174+00:00,650.715,propagation,1,14091.953,100,11655,16384,73,P0,1155,83.23,4828.173,9188.0
2026-07-27T19:42:09.329659+00:00,651.761,propagation,1,14091.953,100,11650,16384,73,P0,1155,87.40,4938.24,9188.0
2026-07-27T19:42:10.375996+00:00,652.807,propagation,1,14091.953,100,11650,16384,73,P0,1155,84.63,4827.878,9188.0
2026-07-27T19:42:11.439081+00:00,653.87,propagation,1,14091.953,100,11655,16384,73,P0,1080,84.57,4808.089,9188.0
2026-07-27T19:42:12.491116+00:00,654.922,propagation,1,14091.953,100,11657,16384,73,P0,1230,84.61,5016.861,9190.0
2026-07-27T19:42:13.548077+00:00,655.979,propagation,1,14091.953,100,11652,16384,73,P0,1140,81.15,4810.318,9190.0
2026-07-27T19:42:14.604321+00:00,657.035,propagation,1,14091.953,99,11652,16384,74,P0,1140,84.28,4879.187,9190.0
2026-07-27T19:42:15.653771+00:00,658.085,propagation,1,14091.953,100,11657,16384,73,P0,1155,85.17,4809.99,9190.0
2026-07-27T19:42:16.706823+00:00,659.138,propagation,1,14091.953,100,11658,16384,73,P0,1170,83.44,4830.666,9192.0
2026-07-27T19:42:17.782069+00:00,660.213,propagation,1,14091.953,100,11654,16384,74,P0,1185,81.27,4836.077,9192.0
2026-07-27T19:42:18.844324+00:00,661.275,propagation,1,14091.953,100,11725,16384,74,P0,1185,88.79,4942.512,9192.0
2026-07-27T19:42:19.917890+00:00,662.349,propagation,1,14091.953,99,11664,16384,73,P0,1155,82.24,4833.599,9192.0
2026-07-27T19:42:20.997983+00:00,663.429,propagation,1,14091.953,100,11666,16384,74,P0,1095,81.97,4811.892,9192.0
2026-07-27T19:42:22.053504+00:00,664.485,propagation,1,14091.953,99,11689,16384,74,P0,1185,85.26,4872.039,9194.0
2026-07-27T19:42:23.111059+00:00,665.542,propagation,1,14091.953,100,11707,16384,73,P0,1155,85.42,4813.652,9194.0
2026-07-27T19:42:24.164715+00:00,666.596,propagation,1,14091.953,100,11725,16384,74,P0,1125,84.94,4940.677,9194.0
2026-07-27T19:42:25.220666+00:00,667.652,propagation,1,14091.953,99,11725,16384,74,P0,1155,84.18,4858.411,9194.0
2026-07-27T19:42:26.291402+00:00,668.722,propagation,1,14091.953,100,11767,16384,73,P0,1170,84.43,5081.879,9194.0
2026-07-27T19:42:27.353906+00:00,669.785,propagation,1,14091.953,100,11759,16384,74,P0,915,85.12,4843.852,9196.0
2026-07-27T19:42:28.434752+00:00,670.833,propagation,1,14091.953,100,11757,16384,73,P0,1365,72.57,5242.736,9196.0
2026-07-27T19:42:29.501005+00:00,671.899,propagation,1,14091.953,98,11757,16384,73,P0,1155,86.39,4830.432,9196.0
2026-07-27T19:42:30.556680+00:00,672.955,propagation,1,14091.953,100,11741,16384,73,P0,1140,82.04,4815.694,9196.0
2026-07-27T19:42:31.619748+00:00,674.018,propagation,1,14091.953,99,11733,16384,74,P0,1170,84.59,4860.901,9198.0
2026-07-27T19:42:32.675340+00:00,675.074,propagation,1,14091.953,100,11718,16384,74,P0,990,84.99,4817.923,9198.0
2026-07-27T19:42:33.730662+00:00,676.129,propagation,1,14091.953,98,11716,16384,74,P0,1215,80.99,4854.011,9198.0
2026-07-27T19:42:34.782371+00:00,677.181,propagation,1,14091.953,100,11712,16384,74,P0,1140,83.58,4864.316,9198.0
2026-07-27T19:42:35.832141+00:00,678.231,propagation,1,14091.953,100,11707,16384,73,P0,1155,87.96,4910.597,9198.0
2026-07-27T19:42:36.883168+00:00,679.282,propagation,1,14091.953,98,11685,16384,74,P0,1155,84.71,4854.87,9200.0
2026-07-27T19:42:37.934136+00:00,680.333,propagation,1,14091.953,100,11685,16384,74,P0,1140,84.88,4819.356,9200.0
2026-07-27T19:42:38.989183+00:00,681.388,propagation,1,14091.953,97,11685,16384,73,P0,1230,80.90,4991.413,9200.0
2026-07-27T19:42:40.047487+00:00,682.446,propagation,1,14091.953,100,11685,16384,73,P0,1125,84.49,4819.497,9200.0
2026-07-27T19:42:41.116340+00:00,683.515,propagation,1,14091.953,98,11687,16384,73,P0,1140,84.73,4879.892,9202.0
2026-07-27T19:42:42.159603+00:00,684.558,propagation,1,14091.953,100,11687,16384,73,P0,1155,84.21,4821.726,9202.0
2026-07-27T19:42:43.212576+00:00,685.611,propagation,1,14091.953,100,11687,16384,74,P0,1155,84.98,4839.845,9202.0
2026-07-27T19:42:44.272429+00:00,686.671,propagation,1,14091.953,98,11783,16384,73,P0,1065,84.66,4850.23,9202.0
2026-07-27T19:42:45.344368+00:00,687.743,propagation,1,14091.953,100,11707,16384,74,P0,1155,83.92,4821.398,9202.0
2026-07-27T19:42:46.434528+00:00,688.833,propagation,1,14091.953,97,11717,16384,74,P0,1200,80.88,4827.71,9204.0
2026-07-27T19:42:47.536604+00:00,689.935,propagation,1,14091.953,100,11705,16384,73,P0,1230,84.37,4823.627,9204.0
2026-07-27T19:42:48.614144+00:00,691.013,propagation,1,14091.953,94,11731,16384,74,P0,1200,85.16,6073.528,9204.0
2026-07-27T19:42:49.904138+00:00,692.303,propagation,1,14091.953,99,11695,16384,73,P0,1200,82.49,4823.3,9204.0
2026-07-27T19:42:51.072968+00:00,693.471,propagation,1,14091.953,95,11715,16384,74,P0,1215,81.33,4863.666,9206.0
2026-07-27T19:42:52.239107+00:00,694.638,propagation,1,14091.953,100,11773,16384,74,P0,1200,85.95,4865.976,9206.0
2026-07-27T19:42:53.338543+00:00,695.737,propagation,1,14091.953,99,11728,16384,74,P0,1290,85.14,5093.243,9206.0
2026-07-27T19:42:54.400300+00:00,696.799,propagation,1,14091.953,96,11758,16384,74,P0,1200,84.26,4855.965,9206.0
2026-07-27T19:42:55.505298+00:00,697.904,propagation,1,14091.953,100,11772,16384,74,P0,1245,85.87,4825.201,9206.0
2026-07-27T19:42:56.566264+00:00,698.965,propagation,1,14091.953,98,11752,16384,73,P0,1155,82.53,4831.506,9208.0
2026-07-27T19:42:57.634596+00:00,700.033,propagation,1,14091.953,100,11747,16384,73,P0,1140,86.84,4827.43,9208.0
2026-07-27T19:42:58.695556+00:00,701.063,propagation,1,14091.953,100,11718,16384,74,P0,1185,83.85,4874.674,9208.0
2026-07-27T19:42:59.753863+00:00,702.121,propagation,1,14091.953,100,11794,16384,74,P0,1170,84.19,4872.073,9208.0
2026-07-27T19:43:00.833536+00:00,703.201,propagation,1,14091.953,96,11696,16384,74,P0,1170,80.34,5132.689,9208.0
2026-07-27T19:43:01.890753+00:00,704.258,propagation,1,14091.953,100,11744,16384,74,P0,1170,84.77,4857.173,9210.0
2026-07-27T19:43:02.966272+00:00,705.333,propagation,1,14091.953,100,11724,16384,73,P0,1170,84.73,4829.332,9210.0
2026-07-27T19:43:04.038572+00:00,706.406,propagation,1,14091.953,97,11694,16384,73,P0,1185,87.95,4907.794,9210.0
2026-07-27T19:43:05.116219+00:00,707.483,propagation,1,14091.953,100,11689,16384,74,P0,1065,87.08,4829.004,9210.0
2026-07-27T19:43:06.251807+00:00,708.619,propagation,1,14091.953,97,11786,16384,73,P0,1200,82.82,5053.05,9212.0
2026-07-27T19:43:07.346606+00:00,709.714,propagation,1,14091.953,100,11791,16384,74,P0,1170,84.63,4871.68,9212.0
2026-07-27T19:43:08.415614+00:00,710.783,propagation,1,14091.953,100,11772,16384,73,P0,1125,82.83,5098.947,9212.0
2026-07-27T19:43:09.489995+00:00,711.857,propagation,1,14091.953,98,11767,16384,74,P0,1170,85.63,4866.841,9212.0
2026-07-27T19:43:10.569945+00:00,712.937,propagation,1,14091.953,100,11767,16384,74,P0,1260,82.35,4830.905,9212.0
2026-07-27T19:43:11.690697+00:00,714.058,propagation,1,14091.953,97,11778,16384,74,P0,1155,86.77,4837.31,9214.0
2026-07-27T19:43:12.748178+00:00,715.115,propagation,1,14091.953,100,11771,16384,73,P0,1065,82.98,4833.134,9214.0
2026-07-27T19:43:13.814793+00:00,716.182,propagation,1,14091.953,100,11767,16384,74,P0,1155,85.43,5063.371,9214.0
2026-07-27T19:43:14.876747+00:00,717.244,propagation,1,14091.953,97,11770,16384,74,P0,1200,84.86,4832.807,9214.0
2026-07-27T19:43:15.935624+00:00,718.303,propagation,1,14091.953,100,11772,16384,73,P0,1245,81.58,4862.357,9216.0
2026-07-27T19:43:17.005027+00:00,719.372,propagation,1,14091.953,100,11767,16384,74,P0,1140,84.01,4881.108,9216.0
2026-07-27T19:43:18.060422+00:00,720.428,propagation,1,14091.953,98,11767,16384,73,P0,1185,82.80,5008.665,9216.0
2026-07-27T19:43:19.119865+00:00,721.487,propagation,1,14091.953,100,11772,16384,74,P0,1155,84.43,4871.692,9216.0
2026-07-27T19:43:20.173512+00:00,722.541,propagation,1,14091.953,100,11772,16384,74,P0,1095,85.00,4834.708,9216.0
2026-07-27T19:43:21.221935+00:00,723.589,propagation,1,14091.953,99,11769,16384,74,P0,1155,81.32,4840.544,9218.0
2026-07-27T19:43:22.277134+00:00,724.644,propagation,1,14091.953,100,11769,16384,73,P0,1110,85.46,4836.468,9218.0
2026-07-27T19:43:23.346041+00:00,725.713,propagation,1,14091.953,99,11773,16384,74,P0,1155,84.88,5044.025,9218.0
2026-07-27T19:43:24.391108+00:00,726.758,propagation,1,14091.953,100,11774,16384,74,P0,1155,84.26,4836.609,9218.0
2026-07-27T19:43:25.444299+00:00,727.811,propagation,1,14091.953,98,11754,16384,73,P0,1260,83.19,4866.16,9220.0
2026-07-27T19:43:26.491390+00:00,728.859,propagation,1,14091.953,100,11708,16384,74,P0,1170,81.32,4862.697,9220.0
2026-07-27T19:43:27.542394+00:00,729.91,propagation,1,14091.953,100,11713,16384,74,P0,1155,82.08,4969.131,9220.0
2026-07-27T19:43:28.597877+00:00,730.935,propagation,1,14091.953,97,11713,16384,74,P0,1125,84.10,4858.32,9220.0
2026-07-27T19:43:29.662784+00:00,731.999,propagation,1,14091.953,100,11707,16384,74,P0,1005,83.81,4838.511,9220.0
2026-07-27T19:43:30.717595+00:00,733.054,propagation,1,14091.953,99,11714,16384,74,P0,1020,85.87,4918.874,9222.0
2026-07-27T19:43:31.789259+00:00,734.126,propagation,1,14091.953,100,11684,16384,74,P0,1080,80.87,4840.74,9222.0
2026-07-27T19:43:32.841862+00:00,735.179,propagation,1,14091.953,100,11759,16384,74,P0,1200,85.37,4915.265,9222.0
2026-07-27T19:43:33.896160+00:00,736.233,propagation,1,14091.953,99,11759,16384,74,P0,1155,83.43,4882.469,9222.0
2026-07-27T19:43:34.950836+00:00,737.288,propagation,1,14091.953,100,11761,16384,74,P0,1155,84.16,5109.405,9222.0
2026-07-27T19:43:36.001273+00:00,738.338,propagation,1,14091.953,99,11737,16384,74,P0,1140,84.74,4878.855,9224.0
2026-07-27T19:43:37.060680+00:00,739.397,propagation,1,14091.953,100,11732,16384,73,P0,1185,85.87,4914.512,9224.0
2026-07-27T19:43:38.107752+00:00,740.444,propagation,1,14091.953,100,11732,16384,74,P0,1155,86.33,4846.529,9224.0
2026-07-27T19:43:39.162894+00:00,741.5,propagation,1,14091.953,100,11737,16384,74,P0,1170,81.76,4842.313,9224.0
2026-07-27T19:43:40.235200+00:00,742.572,propagation,1,14091.953,100,11741,16384,74,P0,1200,84.07,6453.302,9226.0
2026-07-27T19:43:41.310616+00:00,743.647,propagation,1,14091.953,100,11744,16384,74,P0,1185,84.74,4844.542,9226.0
2026-07-27T19:43:42.374665+00:00,744.711,propagation,1,14091.953,91,11749,16384,74,P0,1155,84.94,4849.252,9226.0
2026-07-27T19:43:43.431124+00:00,745.768,propagation,1,14091.953,100,11754,16384,74,P0,900,83.98,4873.047,9226.0
2026-07-27T19:43:44.522743+00:00,746.859,propagation,1,14091.953,100,11754,16384,73,P0,1560,83.17,5301.676,9226.0
2026-07-27T19:43:45.595554+00:00,747.932,propagation,1,14091.953,96,11757,16384,74,P0,1215,86.56,4850.62,9228.0
2026-07-27T19:43:46.664509+00:00,749.001,propagation,1,14091.953,100,11767,16384,74,P0,1170,93.67,4846.444,9228.0
2026-07-27T19:43:47.726377+00:00,750.063,propagation,1,14091.953,99,11773,16384,74,P0,1200,82.65,6096.344,9228.0
2026-07-27T19:43:48.816309+00:00,751.153,propagation,1,14091.953,100,11772,16384,74,P0,1155,85.06,4846.116,9228.0
2026-07-27T19:43:49.871730+00:00,752.208,propagation,1,14091.953,100,11771,16384,74,P0,915,84.23,4866.323,9230.0
2026-07-27T19:43:50.924402+00:00,753.261,propagation,1,14091.953,98,11773,16384,74,P0,1140,83.95,4868.101,9230.0
2026-07-27T19:43:52.043439+00:00,754.38,propagation,1,14091.953,100,11765,16384,74,P0,1185,82.19,4970.841,9230.0
2026-07-27T19:43:53.128221+00:00,755.465,propagation,1,14091.953,98,11802,16384,74,P0,1245,85.00,4883.969,9230.0
2026-07-27T19:43:54.205562+00:00,756.542,propagation,1,14091.953,100,11839,16384,74,P0,1215,85.25,4848.018,9230.0
2026-07-27T19:43:55.270188+00:00,757.607,propagation,1,14091.953,98,11808,16384,74,P0,1305,80.41,5077.04,9232.0
2026-07-27T19:43:56.385802+00:00,758.723,propagation,1,14091.953,100,11827,16384,74,P0,1245,83.21,4850.247,9232.0
2026-07-27T19:43:57.444550+00:00,759.781,propagation,1,14091.953,99,11814,16384,74,P0,1155,85.63,6105.209,9232.0
2026-07-27T19:43:58.531424+00:00,760.838,propagation,1,14091.953,100,11780,16384,74,P0,1170,83.89,4849.919,9232.0
2026-07-27T19:43:59.594518+00:00,761.901,propagation,1,14091.953,96,11787,16384,74,P0,1155,83.99,4857.186,9234.0
2026-07-27T19:44:00.661541+00:00,762.968,propagation,1,14091.953,100,11787,16384,73,P0,1200,82.94,4876.984,9234.0
2026-07-27T19:44:01.742748+00:00,764.049,propagation,1,14091.953,100,11783,16384,74,P0,945,70.09,5446.004,9234.0
2026-07-27T19:44:02.900603+00:00,765.207,propagation,1,14091.953,97,11807,16384,74,P0,1170,85.00,4887.771,9234.0
2026-07-27T19:44:03.971667+00:00,766.278,propagation,1,14091.953,100,11808,16384,73,P0,1125,82.88,4851.82,9234.0
2026-07-27T19:44:05.037742+00:00,767.344,propagation,1,14091.953,97,11810,16384,73,P0,1155,82.91,5060.124,9236.0
2026-07-27T19:44:06.097126+00:00,768.403,propagation,1,14091.953,100,11804,16384,73,P0,1125,81.62,4853.581,9236.0
2026-07-27T19:44:07.147305+00:00,769.454,propagation,1,14091.953,98,11809,16384,74,P0,1170,84.08,6103.95,9236.0
2026-07-27T19:44:08.210162+00:00,770.516,propagation,1,14091.953,100,11791,16384,73,P0,1155,85.03,4853.722,9236.0
2026-07-27T19:44:09.279570+00:00,771.586,propagation,1,14091.953,100,11786,16384,74,P0,990,86.94,4874.397,9238.0
2026-07-27T19:44:10.344637+00:00,772.651,propagation,1,14091.953,99,11786,16384,74,P0,1155,81.07,4875.707,9238.0
2026-07-27T19:44:11.404552+00:00,773.711,propagation,1,14091.953,100,11791,16384,74,P0,1125,95.24,4986.243,9238.0
2026-07-27T19:44:12.454245+00:00,774.761,propagation,1,14091.953,97,11791,16384,73,P0,1155,84.21,4875.412,9238.0
2026-07-27T19:44:13.524832+00:00,775.831,propagation,1,14091.953,100,11786,16384,74,P0,1095,85.28,4855.623,9238.0
2026-07-27T19:44:14.588659+00:00,776.895,propagation,1,14091.953,100,11788,16384,73,P0,1200,86.95,5064.174,9240.0
2026-07-27T19:44:15.640525+00:00,777.947,propagation,1,14091.953,99,11793,16384,73,P0,990,86.40,4857.852,9240.0
2026-07-27T19:44:16.686453+00:00,778.993,propagation,1,14091.953,98,11793,16384,73,P0,1155,83.54,6107.752,9240.0
2026-07-27T19:44:17.742988+00:00,780.049,propagation,1,14091.953,100,11788,16384,74,P0,1170,84.42,4857.524,9240.0
2026-07-27T19:44:18.792822+00:00,781.099,propagation,1,14091.953,98,11795,16384,74,P0,1155,84.93,4868.872,9242.0
2026-07-27T19:44:19.839796+00:00,782.146,propagation,1,14091.953,100,11795,16384,74,P0,1275,85.94,4877.016,9242.0
2026-07-27T19:44:20.892946+00:00,783.199,propagation,1,14091.953,100,11787,16384,74,P0,1155,84.36,4952.874,9242.0
2026-07-27T19:44:21.940569+00:00,784.247,propagation,1,14091.953,99,11787,16384,74,P0,1155,84.37,4880.699,9242.0
2026-07-27T19:44:22.993872+00:00,785.3,propagation,1,14091.953,100,11793,16384,74,P0,1230,80.47,4859.426,9242.0
2026-07-27T19:44:24.047191+00:00,786.353,propagation,1,14091.953,99,11800,16384,74,P0,1200,84.13,4915.02,9244.0
2026-07-27T19:44:25.115388+00:00,787.422,propagation,1,14091.953,100,11792,16384,73,P0,1275,84.71,4861.655,9244.0
2026-07-27T19:44:26.163886+00:00,788.47,propagation,1,14091.953,97,11792,16384,74,P0,1155,82.49,4899.243,9244.0
2026-07-27T19:44:27.229124+00:00,789.535,propagation,1,14091.953,100,11796,16384,74,P0,1170,84.59,4901.235,9244.0
2026-07-27T19:44:28.284892+00:00,790.561,propagation,1,14091.953,100,11797,16384,74,P0,1155,84.19,5116.328,9244.0
2026-07-27T19:44:29.343288+00:00,791.619,propagation,1,14091.953,97,11794,16384,74,P0,1155,85.07,4893.195,9246.0
2026-07-27T19:44:30.410187+00:00,792.686,propagation,1,14091.953,100,11794,16384,74,P0,945,82.15,4863.556,9246.0
2026-07-27T19:44:31.466182+00:00,793.742,propagation,1,14091.953,98,11808,16384,73,P0,1110,81.74,4868.217,9246.0
2026-07-27T19:44:32.534306+00:00,794.81,propagation,1,14091.953,100,11808,16384,74,P0,1140,85.54,4863.229,9246.0
2026-07-27T19:44:33.659926+00:00,795.936,propagation,1,14091.953,99,11809,16384,74,P0,1155,77.68,6473.748,9248.0
2026-07-27T19:44:34.722344+00:00,796.998,propagation,1,14091.953,98,11842,16384,74,P0,1185,85.74,4864.989,9248.0
2026-07-27T19:44:35.781500+00:00,798.057,propagation,1,14091.953,100,11743,16384,73,P0,1200,82.96,5122.578,9248.0
2026-07-27T19:44:36.835387+00:00,799.111,propagation,1,14091.953,96,11784,16384,74,P0,1155,84.61,4898.929,9248.0
2026-07-27T19:44:37.906907+00:00,800.183,propagation,1,14091.953,100,11780,16384,74,P0,1170,83.92,4888.347,9248.0
2026-07-27T19:44:38.959034+00:00,801.235,propagation,1,14091.953,99,11771,16384,74,P0,1155,83.93,4871.495,9250.0
2026-07-27T19:44:40.017201+00:00,802.293,propagation,1,14091.953,100,11765,16384,73,P0,1125,84.28,4867.359,9250.0
2026-07-27T19:44:41.064996+00:00,803.341,propagation,1,14091.953,97,11765,16384,73,P0,1155,84.50,6476.697,9250.0
2026-07-27T19:44:42.111157+00:00,804.387,propagation,1,14091.953,100,11749,16384,74,P0,1080,84.36,4867.031,9250.0
2026-07-27T19:44:43.171021+00:00,805.447,propagation,1,14091.953,99,11773,16384,74,P0,1200,81.62,4917.301,9252.0
2026-07-27T19:44:44.226518+00:00,806.502,propagation,1,14091.953,100,11773,16384,74,P0,1125,85.73,4907.112,9252.0
2026-07-27T19:44:45.280909+00:00,807.557,propagation,1,14091.953,100,11767,16384,74,P0,1155,86.67,5123.889,9252.0
2026-07-27T19:44:46.337517+00:00,808.613,propagation,1,14091.953,99,11767,16384,74,P0,1140,84.41,4894.663,9252.0
2026-07-27T19:44:47.400485+00:00,809.676,propagation,1,14091.953,100,11776,16384,74,P0,1110,84.27,4868.933,9252.0
2026-07-27T19:44:48.456485+00:00,810.732,propagation,1,14091.953,98,11761,16384,73,P0,1155,81.61,4874.789,9254.0
2026-07-27T19:44:49.544759+00:00,811.821,propagation,1,14091.953,100,11761,16384,74,P0,1155,83.14,4870.693,9254.0
2026-07-27T19:44:50.598810+00:00,812.875,propagation,1,14091.953,99,11756,16384,74,P0,1155,84.30,4930.5,9254.0
2026-07-27T19:44:51.653493+00:00,813.929,propagation,1,14091.953,100,11756,16384,74,P0,1065,83.34,4870.834,9254.0
2026-07-27T19:44:52.708340+00:00,814.984,propagation,1,14091.953,100,11763,16384,73,P0,1125,82.73,4922.385,9256.0
2026-07-27T19:44:53.760426+00:00,816.036,propagation,1,14091.953,99,11762,16384,73,P0,1170,86.01,4908.388,9256.0
2026-07-27T19:44:54.812268+00:00,817.088,propagation,1,14091.953,100,11755,16384,74,P0,1155,81.65,5431.402,9256.0
2026-07-27T19:44:55.866200+00:00,818.142,propagation,1,14091.953,95,11763,16384,74,P0,1170,84.47,4911.174,9256.0
2026-07-27T19:44:56.916942+00:00,819.193,propagation,1,14091.953,100,11763,16384,73,P0,1140,83.65,4872.735,9256.0
2026-07-27T19:44:57.967277+00:00,820.243,propagation,1,14091.953,97,11764,16384,74,P0,1095,81.55,4879.041,9258.0
2026-07-27T19:44:59.027710+00:00,821.273,propagation,1,14091.953,100,11765,16384,74,P0,1035,84.54,4874.964,9258.0
2026-07-27T19:45:00.087576+00:00,822.333,propagation,1,14091.953,100,11759,16384,74,P0,1155,84.85,4926.708,9258.0
2026-07-27T19:45:01.142323+00:00,823.387,propagation,1,14091.953,98,11756,16384,74,P0,1125,84.28,4874.637,9258.0
2026-07-27T19:45:02.196141+00:00,824.441,propagation,1,14091.953,100,11763,16384,74,P0,855,87.13,4894.844,9260.0
2026-07-27T19:45:03.251532+00:00,825.497,propagation,1,14091.953,100,11763,16384,74,P0,1155,81.14,4896.622,9260.0
2026-07-27T19:45:04.321787+00:00,826.567,propagation,1,14091.953,99,11763,16384,74,P0,1155,85.58,5006.689,9260.0
2026-07-27T19:45:05.379433+00:00,827.624,propagation,1,14091.953,100,11760,16384,74,P0,1170,84.16,4896.348,9260.0
2026-07-27T19:45:06.458300+00:00,828.703,propagation,1,14091.953,100,11756,16384,73,P0,1140,81.66,4876.538,9260.0
2026-07-27T19:45:07.526726+00:00,829.772,propagation,1,14091.953,97,11763,16384,74,P0,1230,87.03,5105.561,9262.0
2026-07-27T19:45:08.580366+00:00,830.825,propagation,1,14091.953,100,11764,16384,74,P0,1140,86.36,4878.767,9262.0
2026-07-27T19:45:09.643239+00:00,831.888,propagation,1,14091.953,98,11767,16384,74,P0,1170,84.09,6133.73,9262.0
2026-07-27T19:45:10.704898+00:00,832.95,propagation,1,14091.953,100,11770,16384,74,P0,1185,84.25,4878.439,9262.0
2026-07-27T19:45:11.754805+00:00,834.0,propagation,1,14091.953,100,11768,16384,73,P0,1155,84.56,4890.242,9264.0
2026-07-27T19:45:12.821134+00:00,835.066,propagation,1,14091.953,99,11773,16384,74,P0,1110,82.15,4900.424,9264.0
2026-07-27T19:45:13.897950+00:00,836.143,propagation,1,14091.953,100,11773,16384,74,P0,1170,80.05,4983.383,9264.0
2026-07-27T19:45:14.958500+00:00,837.204,propagation,1,14091.953,99,11770,16384,74,P0,1155,84.39,4916.292,9264.0
2026-07-27T19:45:16.011635+00:00,838.257,propagation,1,14091.953,100,11804,16384,74,P0,1140,83.07,4880.341,9264.0
2026-07-27T19:45:17.071036+00:00,839.316,propagation,1,14091.953,99,11806,16384,73,P0,1230,81.11,5109.363,9266.0
2026-07-27T19:45:18.136830+00:00,840.382,propagation,1,14091.953,100,11807,16384,74,P0,1155,83.81,4882.101,9266.0
2026-07-27T19:45:19.216640+00:00,841.462,propagation,1,14091.953,100,11808,16384,74,P0,1155,84.92,4956.626,9266.0
2026-07-27T19:45:20.280784+00:00,842.526,propagation,1,14091.953,99,11808,16384,74,P0,1185,84.65,4882.242,9266.0
2026-07-27T19:45:21.352125+00:00,843.597,propagation,1,14091.953,100,11768,16384,73,P0,1245,84.83,4911.793,9268.0
2026-07-27T19:45:22.418850+00:00,844.664,propagation,1,14091.953,100,11763,16384,74,P0,1155,84.02,4922.317,9268.0
2026-07-27T19:45:23.469893+00:00,845.715,propagation,1,14091.953,94,11767,16384,74,P0,1155,101.28,4987.186,9268.0
2026-07-27T19:45:24.521591+00:00,846.767,propagation,1,14091.953,100,11767,16384,74,P0,1155,84.42,4903.953,9268.0
2026-07-27T19:45:25.575585+00:00,847.821,propagation,1,14091.953,100,11768,16384,73,P0,1065,86.58,4884.144,9268.0
2026-07-27T19:45:26.640677+00:00,848.886,propagation,1,14091.953,97,11765,16384,74,P0,1230,84.63,5092.694,9270.0
2026-07-27T19:45:27.710498+00:00,849.956,propagation,1,14091.953,100,11765,16384,74,P0,1200,86.14,4886.373,9270.0
2026-07-27T19:45:28.770678+00:00,850.985,propagation,1,14091.953,98,11770,16384,74,P0,1170,83.89,6136.273,9270.0
2026-07-27T19:45:29.830554+00:00,852.045,propagation,1,14091.953,100,11770,16384,74,P0,1155,84.42,4886.045,9270.0
2026-07-27T19:45:30.891849+00:00,853.106,propagation,1,14091.953,99,11771,16384,74,P0,1155,84.97,4898.395,9272.0
2026-07-27T19:45:31.969331+00:00,854.184,propagation,1,14091.953,100,11766,16384,74,P0,1155,80.99,4908.03,9272.0
2026-07-27T19:45:33.033238+00:00,855.247,propagation,1,14091.953,100,11770,16384,74,P0,1140,83.77,5018.098,9272.0
2026-07-27T19:45:34.095179+00:00,856.309,propagation,1,14091.953,99,11771,16384,74,P0,1170,84.47,4907.756,9272.0
2026-07-27T19:45:35.144949+00:00,857.359,propagation,1,14091.953,100,11771,16384,74,P0,1080,82.97,4887.946,9272.0
2026-07-27T19:45:36.199411+00:00,858.414,propagation,1,14091.953,98,11772,16384,73,P0,1185,84.51,4968.531,9274.0
2026-07-27T19:45:37.252783+00:00,859.467,propagation,1,14091.953,100,11762,16384,73,P0,1035,84.40,4890.175,9274.0
2026-07-27T19:45:38.304030+00:00,860.518,propagation,1,14091.953,100,11775,16384,74,P0,1155,84.92,6140.076,9274.0
2026-07-27T19:45:39.356687+00:00,861.571,propagation,1,14091.953,99,11775,16384,74,P0,1140,84.74,4889.848,9274.0
2026-07-27T19:45:40.425357+00:00,862.64,propagation,1,14091.953,100,11777,16384,74,P0,1155,84.95,4910.523,9276.0
2026-07-27T19:45:41.484736+00:00,863.699,propagation,1,14091.953,99,11777,16384,74,P0,1065,81.59,4911.833,9276.0
2026-07-27T19:45:42.553382+00:00,864.768,propagation,1,14091.953,100,11772,16384,74,P0,1065,66.70,4985.666,9276.0
2026-07-27T19:45:43.614487+00:00,865.829,propagation,1,14091.953,94,11777,16384,73,P0,1170,84.18,4912.417,9276.0
2026-07-27T19:45:44.661758+00:00,866.876,propagation,1,14091.953,100,11777,16384,74,P0,1140,85.47,4891.749,9276.0
2026-07-27T19:45:45.724978+00:00,867.939,propagation,1,14091.953,98,11778,16384,74,P0,1020,86.02,4971.865,9278.0
2026-07-27T19:45:46.786758+00:00,869.001,propagation,1,14091.953,100,11779,16384,74,P0,1035,80.41,4893.509,9278.0
2026-07-27T19:45:47.843170+00:00,870.057,propagation,1,14091.953,99,11779,16384,74,P0,1155,83.92,4940.066,9278.0
2026-07-27T19:45:48.896005+00:00,871.11,propagation,1,14091.953,100,11780,16384,74,P0,1155,83.82,4920.88,9278.0
2026-07-27T19:45:49.947943+00:00,872.162,propagation,1,14091.953,98,11781,16384,74,P0,1155,84.67,4902.422,9280.0
2026-07-27T19:45:51.003886+00:00,873.218,propagation,1,14091.953,100,11775,16384,73,P0,1170,86.16,4920.735,9280.0
2026-07-27T19:45:52.065771+00:00,874.28,propagation,1,14091.953,100,11775,16384,74,P0,960,84.97,5026.172,9280.0
2026-07-27T19:45:53.115301+00:00,875.33,propagation,1,14091.953,98,11774,16384,74,P0,1155,84.01,4916.353,9280.0
2026-07-27T19:45:54.163091+00:00,876.377,propagation,1,14091.953,100,11779,16384,74,P0,1080,82.80,4895.552,9280.0
2026-07-27T19:45:55.213985+00:00,877.428,propagation,1,14091.953,98,11784,16384,74,P0,1170,84.96,4945.821,9282.0
2026-07-27T19:45:56.284814+00:00,878.499,propagation,1,14091.953,100,11779,16384,74,P0,1140,84.07,4897.781,9282.0
2026-07-27T19:45:57.354772+00:00,879.569,propagation,1,14091.953,98,11779,16384,74,P0,1125,85.27,5120.548,9282.0
2026-07-27T19:45:58.424706+00:00,880.612,propagation,1,14091.953,100,11779,16384,74,P0,1140,83.97,4940.049,9282.0
2026-07-27T19:45:59.484283+00:00,881.671,propagation,1,14091.953,100,11797,16384,74,P0,1155,85.13,5149.36,9282.0
2026-07-27T19:46:00.538153+00:00,882.725,propagation,1,14091.953,97,11800,16384,74,P0,1035,84.20,4924.518,9284.0
2026-07-27T19:46:01.602374+00:00,883.789,propagation,1,14091.953,100,11800,16384,73,P0,1500,75.88,4971.553,9284.0
2026-07-27T19:46:02.670645+00:00,884.857,propagation,1,14091.953,98,11791,16384,74,P0,1170,83.91,4914.059,9284.0
2026-07-27T19:46:03.727430+00:00,885.914,propagation,1,14091.953,100,11802,16384,74,P0,1200,84.47,4899.354,9284.0
2026-07-27T19:46:04.800864+00:00,886.988,propagation,1,14091.953,100,11804,16384,74,P0,1170,83.87,5077.674,9286.0
2026-07-27T19:46:05.875043+00:00,888.062,propagation,1,14091.953,98,11790,16384,74,P0,1215,80.88,4901.583,9286.0
2026-07-27T19:46:06.932169+00:00,889.119,propagation,1,14091.953,100,11789,16384,74,P0,1170,81.82,4962.953,9286.0
2026-07-27T19:46:07.999749+00:00,890.187,propagation,1,14091.953,100,11786,16384,74,P0,1155,84.47,4941.703,9286.0
2026-07-27T19:46:09.051707+00:00,891.239,propagation,1,14091.953,99,11790,16384,74,P0,1155,84.40,5154.788,9288.0
2026-07-27T19:46:10.118176+00:00,892.305,propagation,1,14091.953,100,11793,16384,74,P0,1065,85.05,4928.321,9288.0
2026-07-27T19:46:11.175442+00:00,893.362,propagation,1,14091.953,100,11791,16384,74,P0,1170,81.57,5497.262,9288.0
2026-07-27T19:46:12.229462+00:00,894.416,propagation,1,14091.953,99,11788,16384,74,P0,1140,84.76,4923.837,9288.0
2026-07-27T19:46:13.292254+00:00,895.479,propagation,1,14091.953,100,11788,16384,74,P0,1035,81.32,4903.157,9288.0
2026-07-27T19:46:14.365468+00:00,896.552,propagation,1,14091.953,98,11795,16384,74,P0,1170,84.79,4956.992,9290.0
2026-07-27T19:46:15.622021+00:00,897.809,propagation,1,14091.953,100,11796,16384,74,P0,1140,81.76,4904.917,9290.0
2026-07-27T19:46:16.694444+00:00,898.881,propagation,1,14091.953,97,11799,16384,74,P0,1155,85.10,4953.693,9290.0
2026-07-27T19:46:17.777450+00:00,899.964,propagation,1,14091.953,100,11793,16384,74,P0,1155,84.42,4905.059,9290.0
2026-07-27T19:46:18.838077+00:00,901.025,propagation,1,14091.953,100,11796,16384,74,P0,1140,81.33,6151.547,9292.0
2026-07-27T19:46:19.902984+00:00,902.09,propagation,1,14091.953,98,11801,16384,74,P0,1170,85.09,4947.196,9292.0
2026-07-27T19:46:20.953042+00:00,903.14,propagation,1,14091.953,100,11801,16384,74,P0,1155,84.11,5175.002,9292.0
2026-07-27T19:46:22.007525+00:00,904.194,propagation,1,14091.953,98,11789,16384,74,P0,1125,84.05,4942.899,9292.0
2026-07-27T19:46:23.072506+00:00,905.259,propagation,1,14091.953,100,11790,16384,73,P0,1215,83.63,4959.421,9292.0
2026-07-27T19:46:24.133104+00:00,906.32,propagation,1,14091.953,99,11817,16384,74,P0,1215,81.79,4913.345,9294.0
2026-07-27T19:46:25.197350+00:00,907.384,propagation,1,14091.953,100,11790,16384,74,P0,1155,81.47,4909.189,9294.0
2026-07-27T19:46:26.253014+00:00,908.44,propagation,1,14091.953,98,11790,16384,74,P0,1155,84.07,6518.652,9294.0
2026-07-27T19:46:27.315994+00:00,909.503,propagation,1,14091.953,100,11795,16384,74,P0,1155,84.25,4908.861,9294.0
2026-07-27T19:46:28.385653+00:00,910.54,propagation,1,14091.953,99,11795,16384,74,P0,1260,87.47,4937.943,9296.0
2026-07-27T19:46:29.442891+00:00,911.597,propagation,1,14091.953,100,11768,16384,74,P0,1155,86.21,4934.48,9296.0
2026-07-27T19:46:30.505043+00:00,912.659,propagation,1,14091.953,100,11768,16384,74,P0,1170,88.01,5003.25,9296.0
2026-07-27T19:46:31.567335+00:00,913.722,propagation,1,14091.953,98,11772,16384,74,P0,1170,84.97,4938.604,9296.0
2026-07-27T19:46:32.647491+00:00,914.802,propagation,1,14091.953,100,11774,16384,74,P0,1155,83.39,4910.763,9296.0
2026-07-27T19:46:33.770169+00:00,915.924,propagation,1,14091.953,96,11780,16384,74,P0,1200,84.22,4991.348,9298.0
2026-07-27T19:46:34.880997+00:00,917.035,propagation,1,14091.953,100,11787,16384,74,P0,1110,82.42,4912.992,9298.0
2026-07-27T19:46:35.958262+00:00,918.113,propagation,1,14091.953,100,11787,16384,74,P0,1170,84.69,4985.548,9298.0
2026-07-27T19:46:37.019450+00:00,919.174,propagation,1,14091.953,98,11789,16384,74,P0,1140,85.19,4942.916,9298.0
2026-07-27T19:46:38.078636+00:00,920.233,propagation,1,14091.953,100,11789,16384,74,P0,1155,84.37,5180.75,9298.0
2026-07-27T19:46:39.149971+00:00,921.304,propagation,1,14091.953,98,11796,16384,74,P0,1050,84.24,4939.729,9300.0
2026-07-27T19:46:40.250610+00:00,922.405,propagation,1,14091.953,100,11794,16384,74,P0,1605,83.76,5017.607,9300.0
2026-07-27T19:46:41.316815+00:00,923.471,propagation,1,14091.953,97,11824,16384,74,P0,1125,84.68,4930.209,9300.0
2026-07-27T19:46:42.392724+00:00,924.547,propagation,1,14091.953,100,11816,16384,74,P0,975,82.57,4914.565,9300.0
2026-07-27T19:46:43.447626+00:00,925.602,propagation,1,14091.953,97,11809,16384,74,P0,1140,84.56,5092.416,9302.0
2026-07-27T19:46:44.509936+00:00,926.664,propagation,1,14091.953,100,11809,16384,74,P0,1290,84.58,4916.326,9302.0
2026-07-27T19:46:45.569959+00:00,927.724,propagation,1,14091.953,98,11798,16384,74,P0,1155,84.25,4960.945,9302.0
2026-07-27T19:46:46.656303+00:00,928.811,propagation,1,14091.953,100,11824,16384,74,P0,1335,79.39,4950.492,9302.0
2026-07-27T19:46:47.721259+00:00,929.876,propagation,1,14091.953,100,11856,16384,74,P0,1155,82.97,5475.178,9302.0
2026-07-27T19:46:48.794787+00:00,930.949,propagation,1,14091.953,97,11852,16384,74,P0,1200,84.49,4938.473,9304.0
2026-07-27T19:46:49.878827+00:00,932.033,propagation,1,14091.953,100,11848,16384,74,P0,1140,81.70,4918.696,9304.0
2026-07-27T19:46:50.934776+00:00,933.089,propagation,1,14091.953,98,11901,16384,74,P0,1110,84.90,4969.752,9304.0
2026-07-27T19:46:52.005863+00:00,934.16,propagation,1,14091.953,100,11850,16384,74,P0,1335,80.77,4918.368,9304.0
2026-07-27T19:46:53.055010+00:00,935.209,propagation,1,14091.953,100,11820,16384,74,P0,1155,82.21,6704.018,9306.0
2026-07-27T19:46:54.104276+00:00,936.259,propagation,1,14091.953,99,11800,16384,74,P0,1155,83.88,4956.703,9306.0
2026-07-27T19:46:55.171946+00:00,937.326,propagation,1,14091.953,100,11775,16384,74,P0,1230,88.40,8794.954,9306.0
2026-07-27T19:46:56.227636+00:00,938.382,propagation,1,14091.953,99,11800,16384,74,P0,1170,84.48,4941.977,9306.0
2026-07-27T19:46:57.301542+00:00,939.456,propagation,1,14091.953,100,11870,16384,74,P0,1095,83.15,4920.27,9306.0
2026-07-27T19:46:58.376274+00:00,940.5,propagation,1,14091.953,100,11849,16384,74,P0,1155,85.54,6175.945,9308.0
2026-07-27T19:46:59.452630+00:00,941.576,propagation,1,14091.953,97,11830,16384,74,P0,1125,84.35,4922.03,9308.0
2026-07-27T19:47:00.508984+00:00,942.633,propagation,1,14091.953,100,11830,16384,74,P0,885,85.60,4940.618,9308.0
2026-07-27T19:47:01.605708+00:00,943.729,propagation,1,14091.953,98,11953,16384,74,P0,1155,81.56,4946.401,9308.0
2026-07-27T19:47:02.661604+00:00,944.785,propagation,1,14091.953,97,11965,16384,74,P0,1140,92.38,5005.007,9308.0
2026-07-27T19:47:03.725623+00:00,945.849,propagation,1,14091.953,100,11952,16384,74,P0,1170,84.23,4959.839,9310.0
2026-07-27T19:47:04.785135+00:00,946.909,propagation,1,14091.953,100,11909,16384,74,P0,1170,83.14,4924.4,9310.0
2026-07-27T19:47:05.839001+00:00,947.963,propagation,1,14091.953,97,11897,16384,74,P0,1215,86.53,5130.832,9310.0
2026-07-27T19:47:06.897247+00:00,949.021,propagation,1,14091.953,100,11886,16384,74,P0,1155,84.82,4924.072,9310.0
2026-07-27T19:47:07.969757+00:00,950.093,propagation,1,14091.953,99,11821,16384,74,P0,1110,84.46,4976.873,9312.0
2026-07-27T19:47:09.035116+00:00,951.159,propagation,1,14091.953,100,11826,16384,74,P0,1155,84.14,4926.301,9312.0
2026-07-27T19:47:10.091035+00:00,952.215,propagation,1,14091.953,99,11826,16384,74,P0,1185,86.64,4953.295,9312.0
2026-07-27T19:47:11.147162+00:00,953.271,propagation,1,14091.953,100,11826,16384,74,P0,1140,86.51,4951.11,9312.0
2026-07-27T19:47:12.209597+00:00,954.333,propagation,1,14091.953,100,11826,16384,74,P0,1155,85.69,5059.593,9312.0
2026-07-27T19:47:13.258819+00:00,955.382,propagation,1,14091.953,99,11818,16384,74,P0,1155,84.68,4954.074,9314.0
2026-07-27T19:47:14.312478+00:00,956.436,propagation,1,14091.953,100,11827,16384,74,P0,1095,83.06,4927.734,9314.0
2026-07-27T19:47:15.356963+00:00,957.481,propagation,1,14091.953,99,11828,16384,74,P0,1155,82.90,4931.951,9314.0
2026-07-27T19:47:16.417282+00:00,958.541,propagation,1,14091.953,100,11828,16384,74,P0,1125,84.91,4927.875,9314.0
2026-07-27T19:47:17.475612+00:00,959.599,propagation,1,14091.953,99,11830,16384,74,P0,1170,84.94,5060.71,9316.0
2026-07-27T19:47:18.526901+00:00,960.65,propagation,1,14091.953,100,11820,16384,74,P0,1155,84.49,4930.104,9316.0
2026-07-27T19:47:19.589232+00:00,961.713,propagation,1,14091.953,100,11830,16384,74,P0,1185,84.55,4983.317,9316.0
2026-07-27T19:47:20.641046+00:00,962.765,propagation,1,14091.953,99,11830,16384,74,P0,1110,83.68,4967.628,9316.0
2026-07-27T19:47:21.701016+00:00,963.825,propagation,1,14091.953,100,11837,16384,74,P0,1140,83.46,5488.488,9316.0
2026-07-27T19:47:22.750865+00:00,964.874,propagation,1,14091.953,98,11837,16384,74,P0,1140,84.72,4969.538,9318.0
2026-07-27T19:47:23.813329+00:00,965.937,propagation,1,14091.953,100,11838,16384,74,P0,1125,85.30,4932.005,9318.0
2026-07-27T19:47:24.875584+00:00,966.999,propagation,1,14091.953,100,11838,16384,74,P0,1155,86.71,4936.72,9318.0
2026-07-27T19:47:25.927710+00:00,968.051,propagation,1,14091.953,100,11827,16384,74,P0,1125,82.02,4931.678,9318.0
2026-07-27T19:47:26.993970+00:00,969.118,propagation,1,14091.953,100,11829,16384,74,P0,1140,84.19,5004.95,9320.0
2026-07-27T19:47:28.051234+00:00,970.175,propagation,1,14091.953,100,11831,16384,74,P0,1140,87.36,4933.438,9320.0
2026-07-27T19:47:29.103487+00:00,971.197,propagation,1,14091.953,99,11836,16384,74,P0,1155,81.68,4974.151,9320.0
2026-07-27T19:47:30.163467+00:00,972.257,propagation,1,14091.953,100,11836,16384,74,P0,1170,84.58,4971.833,9320.0
2026-07-27T19:47:31.227129+00:00,973.32,propagation,1,14091.953,100,11836,16384,74,P0,1170,84.42,5239.166,9320.0
2026-07-27T19:47:32.290667+00:00,974.384,propagation,1,14091.953,99,11846,16384,74,P0,1155,84.61,4972.022,9322.0
2026-07-27T19:47:33.353963+00:00,975.447,propagation,1,14091.953,100,11839,16384,73,P0,1200,82.38,5119.522,9322.0
2026-07-27T19:47:34.408281+00:00,976.501,propagation,1,14091.953,100,11844,16384,74,P0,1155,81.98,4950.199,9322.0
2026-07-27T19:47:35.464375+00:00,977.557,propagation,1,14091.953,100,11845,16384,74,P0,1155,83.10,4935.48,9322.0
2026-07-27T19:47:36.516472+00:00,978.61,propagation,1,14091.953,99,11911,16384,74,P0,1155,84.11,4985.75,9324.0
2026-07-27T19:47:37.586872+00:00,979.68,propagation,1,14091.953,100,11892,16384,74,P0,1185,84.08,4937.709,9324.0
2026-07-27T19:47:38.643423+00:00,980.736,propagation,1,14091.953,100,11844,16384,74,P0,1140,83.15,4975.891,9324.0
2026-07-27T19:47:39.693733+00:00,981.787,propagation,1,14091.953,100,11845,16384,74,P0,1140,84.92,4979.438,9324.0
2026-07-27T19:47:40.743613+00:00,982.837,propagation,1,14091.953,100,11844,16384,74,P0,1185,83.92,5206.375,9324.0
2026-07-27T19:47:41.800244+00:00,983.893,propagation,1,14091.953,99,11863,16384,74,P0,1155,84.45,4964.435,9326.0
2026-07-27T19:47:42.861267+00:00,984.954,propagation,1,14091.953,100,11846,16384,74,P0,1110,83.05,4939.142,9326.0
2026-07-27T19:47:43.908938+00:00,986.002,propagation,1,14091.953,99,11833,16384,74,P0,1155,83.62,4943.359,9326.0
2026-07-27T19:47:44.970217+00:00,987.063,propagation,1,14091.953,100,11838,16384,74,P0,1125,84.27,4939.283,9326.0
2026-07-27T19:47:46.028095+00:00,988.121,propagation,1,14091.953,99,11840,16384,74,P0,1125,84.32,5215.056,9328.0
2026-07-27T19:47:47.090508+00:00,989.184,propagation,1,14091.953,98,11913,16384,74,P0,1200,84.57,4941.512,9328.0
2026-07-27T19:47:48.180610+00:00,990.274,propagation,1,14091.953,97,11893,16384,74,P0,855,85.35,4959.631,9328.0
2026-07-27T19:47:49.249339+00:00,991.342,propagation,1,14091.953,100,11886,16384,74,P0,1140,80.41,4961.941,9328.0
2026-07-27T19:47:50.297248+00:00,992.39,propagation,1,14091.953,99,11886,16384,74,P0,1155,86.55,5044.271,9328.0
2026-07-27T19:47:51.349504+00:00,993.443,propagation,1,14091.953,100,11879,16384,74,P0,1140,84.45,4963.223,9330.0
2026-07-27T19:47:52.419447+00:00,994.513,propagation,1,14091.953,100,11884,16384,74,P0,1170,83.38,4943.414,9330.0
2026-07-27T19:47:53.473501+00:00,995.567,propagation,1,14091.953,96,11884,16384,74,P0,1185,86.80,5150.908,9330.0
2026-07-27T19:47:54.526393+00:00,996.619,propagation,1,14091.953,100,11878,16384,74,P0,1065,86.95,4943.086,9330.0
2026-07-27T19:47:55.578441+00:00,997.672,propagation,1,14091.953,97,11880,16384,74,P0,1140,83.62,5110.324,9332.0
2026-07-27T19:47:56.640641+00:00,998.734,propagation,1,14091.953,100,11885,16384,74,P0,1140,84.38,4944.846,9332.0
2026-07-27T19:47:57.704557+00:00,999.798,propagation,1,14091.953,100,11885,16384,74,P0,1140,84.85,4963.434,9332.0
2026-07-27T19:47:58.773575+00:00,1000.837,propagation,1,14091.953,99,11880,16384,74,P0,1155,85.17,4964.744,9332.0
2026-07-27T19:47:59.847645+00:00,1001.911,propagation,1,14091.953,100,11880,16384,74,P0,1125,83.08,5075.652,9332.0
2026-07-27T19:48:00.902051+00:00,1002.965,propagation,1,14091.953,98,11887,16384,74,P0,1155,84.44,4967.005,9334.0
2026-07-27T19:48:01.974689+00:00,1004.038,propagation,1,14091.953,100,11887,16384,74,P0,1080,83.80,4947.216,9334.0
2026-07-27T19:48:03.035194+00:00,1005.098,propagation,1,14091.953,99,11881,16384,74,P0,1140,84.41,5041.367,9334.0
2026-07-27T19:48:04.099970+00:00,1006.163,propagation,1,14091.953,100,11886,16384,74,P0,990,85.16,4946.889,9334.0
2026-07-27T19:48:05.150733+00:00,1007.214,propagation,1,14091.953,100,11888,16384,74,P0,1155,85.19,6557.877,9336.0
2026-07-27T19:48:06.203671+00:00,1008.267,propagation,1,14091.953,99,11887,16384,74,P0,1155,84.20,4949.118,9336.0
2026-07-27T19:48:07.261391+00:00,1009.325,propagation,1,14091.953,100,11883,16384,74,P0,1110,84.34,4958.377,9336.0
2026-07-27T19:48:08.320490+00:00,1010.384,propagation,1,14091.953,99,11827,16384,74,P0,1230,81.72,4969.569,9336.0
2026-07-27T19:48:09.413051+00:00,1011.476,propagation,1,14091.953,98,11899,16384,74,P0,1005,72.99,5078.455,9336.0
2026-07-27T19:48:10.466979+00:00,1012.53,propagation,1,14091.953,100,11896,16384,74,P0,1155,84.35,4971.82,9338.0
2026-07-27T19:48:11.523726+00:00,1013.587,propagation,1,14091.953,100,11896,16384,74,P0,1080,83.34,4950.55,9338.0
2026-07-27T19:48:12.574791+00:00,1014.638,propagation,1,14091.953,98,11901,16384,74,P0,1140,83.94,5001.388,9338.0
2026-07-27T19:48:13.622907+00:00,1015.686,propagation,1,14091.953,100,11901,16384,74,P0,870,84.57,4950.691,9338.0
2026-07-27T19:48:14.676246+00:00,1016.74,propagation,1,14091.953,99,11898,16384,74,P0,1155,84.91,4993.367,9340.0
2026-07-27T19:48:15.755948+00:00,1017.819,propagation,1,14091.953,100,11898,16384,74,P0,1170,85.51,4990.772,9340.0
2026-07-27T19:48:16.822796+00:00,1018.886,propagation,1,14091.953,100,11924,16384,74,P0,1170,81.97,8827.276,9340.0
2026-07-27T19:48:17.891774+00:00,1019.955,propagation,1,14091.953,98,11924,16384,74,P0,1170,84.79,4972.397,9340.0
2026-07-27T19:48:18.959764+00:00,1021.023,propagation,1,14091.953,100,11920,16384,74,P0,990,84.93,4952.593,9340.0
2026-07-27T19:48:20.021151+00:00,1022.084,propagation,1,14091.953,99,11922,16384,74,P0,1095,83.82,5032.956,9342.0
2026-07-27T19:48:21.082485+00:00,1023.146,propagation,1,14091.953,100,11924,16384,74,P0,1140,80.94,4954.822,9342.0
2026-07-27T19:48:22.137944+00:00,1024.201,propagation,1,14091.953,100,11966,16384,74,P0,1110,81.96,5013.691,9342.0
2026-07-27T19:48:23.211228+00:00,1025.275,propagation,1,14091.953,98,11963,16384,74,P0,1140,84.48,5004.175,9342.0
2026-07-27T19:48:24.275019+00:00,1026.338,propagation,1,14091.953,100,11973,16384,74,P0,1170,84.52,4965.818,9344.0
2026-07-27T19:48:25.343577+00:00,1027.407,propagation,1,14091.953,99,11978,16384,74,P0,1065,86.40,4981.559,9344.0
2026-07-27T19:48:26.426927+00:00,1028.49,propagation,1,14091.953,100,11966,16384,74,P0,1305,74.82,5139.969,9344.0
2026-07-27T19:48:27.481863+00:00,1029.545,propagation,1,14091.953,99,11926,16384,74,P0,1155,85.23,4971.127,9344.0
2026-07-27T19:48:28.584919+00:00,1030.617,propagation,1,14091.953,100,11930,16384,74,P0,1215,85.80,4956.396,9344.0
2026-07-27T19:48:29.644188+00:00,1031.676,propagation,1,14091.953,99,11963,16384,74,P0,1170,83.76,5032.199,9346.0
2026-07-27T19:48:30.699688+00:00,1032.732,propagation,1,14091.953,99,11949,16384,74,P0,1200,84.60,5006.625,9346.0
2026-07-27T19:48:31.754199+00:00,1033.786,propagation,1,14091.953,99,11909,16384,74,P0,1170,85.01,5213.683,9346.0
2026-07-27T19:48:32.827126+00:00,1034.859,propagation,1,14091.953,100,11926,16384,74,P0,870,87.57,4987.129,9346.0
2026-07-27T19:48:33.900268+00:00,1035.932,propagation,1,14091.953,100,11897,16384,74,P0,1215,83.00,5552.525,9346.0
2026-07-27T19:48:34.948453+00:00,1036.981,propagation,1,14091.953,99,11886,16384,74,P0,1140,86.32,4964.622,9348.0
2026-07-27T19:48:36.024527+00:00,1038.057,propagation,1,14091.953,100,11935,16384,74,P0,1140,83.77,4960.526,9348.0
2026-07-27T19:48:37.085639+00:00,1039.118,propagation,1,14091.953,99,11940,16384,74,P0,1200,83.64,5035.051,9348.0
2026-07-27T19:48:38.154667+00:00,1040.187,propagation,1,14091.953,100,11918,16384,74,P0,1215,85.15,5017.442,9348.0
2026-07-27T19:48:39.212855+00:00,1041.245,propagation,1,14091.953,100,11908,16384,74,P0,1230,83.50,5215.199,9348.0
2026-07-27T19:48:40.275338+00:00,1042.307,propagation,1,14091.953,99,11954,16384,74,P0,1140,85.14,4997.472,9350.0
2026-07-27T19:48:41.335381+00:00,1043.367,propagation,1,14091.953,100,11913,16384,74,P0,1155,86.07,4961.958,9350.0
2026-07-27T19:48:42.423044+00:00,1044.455,propagation,1,14091.953,98,11968,16384,74,P0,1155,84.49,5012.796,9350.0
2026-07-27T19:48:43.501296+00:00,1045.533,propagation,1,14091.953,100,11904,16384,74,P0,1155,89.67,4962.1,9350.0
2026-07-27T19:48:44.570342+00:00,1046.602,propagation,1,14091.953,100,11885,16384,74,P0,1200,82.85,4982.775,9352.0
2026-07-27T19:48:45.630455+00:00,1047.663,propagation,1,14091.953,99,11885,16384,74,P0,1155,81.03,4988.187,9352.0
2026-07-27T19:48:46.687025+00:00,1048.719,propagation,1,14091.953,100,11883,16384,74,P0,1125,83.61,5016.418,9352.0
2026-07-27T19:48:47.740339+00:00,1049.772,propagation,1,14091.953,99,11883,16384,74,P0,1155,84.89,4991.843,9352.0
2026-07-27T19:48:48.815912+00:00,1050.848,propagation,1,14091.953,100,11883,16384,74,P0,1125,84.63,4964.001,9352.0
2026-07-27T19:48:49.861996+00:00,1051.894,propagation,1,14091.953,100,11850,16384,74,P0,1170,82.17,4970.306,9354.0
2026-07-27T19:48:50.914470+00:00,1052.947,propagation,1,14091.953,100,11851,16384,74,P0,1125,86.61,4966.23,9354.0
2026-07-27T19:48:51.976464+00:00,1054.009,propagation,1,14091.953,99,11867,16384,74,P0,1155,84.52,5097.38,9354.0
2026-07-27T19:48:53.029255+00:00,1055.061,propagation,1,14091.953,100,11867,16384,74,P0,1155,84.33,4965.902,9354.0
2026-07-27T19:48:54.081157+00:00,1056.113,propagation,1,14091.953,99,11868,16384,74,P0,1245,82.22,5003.047,9356.0
2026-07-27T19:48:55.146657+00:00,1057.179,propagation,1,14091.953,100,11868,16384,74,P0,1155,81.64,5005.983,9356.0
2026-07-27T19:48:56.198252+00:00,1058.23,propagation,1,14091.953,100,11940,16384,74,P0,1185,86.38,5096.955,9356.0
2026-07-27T19:48:57.284925+00:00,1059.317,propagation,1,14091.953,99,11891,16384,74,P0,1305,81.06,4989.077,9356.0
2026-07-27T19:48:58.377001+00:00,1060.379,propagation,1,14091.953,99,11899,16384,74,P0,1170,82.84,4967.804,9356.0
2026-07-27T19:48:59.472624+00:00,1061.475,propagation,1,14091.953,99,11911,16384,74,P0,1200,82.64,5020.826,9358.0
2026-07-27T19:49:00.540171+00:00,1062.543,propagation,1,14091.953,100,11934,16384,74,P0,1170,83.48,4970.033,9358.0
2026-07-27T19:49:01.600534+00:00,1063.603,propagation,1,14091.953,100,11911,16384,74,P0,1005,86.56,4988.152,9358.0
2026-07-27T19:49:02.668691+00:00,1064.671,propagation,1,14091.953,99,11876,16384,74,P0,1170,84.10,4989.461,9358.0
2026-07-27T19:49:03.735599+00:00,1065.738,propagation,1,14091.953,100,11851,16384,74,P0,1155,83.74,5063.667,9358.0
2026-07-27T19:49:04.796723+00:00,1066.799,propagation,1,14091.953,99,11837,16384,74,P0,1185,83.84,4993.208,9360.0
2026-07-27T19:49:05.860632+00:00,1067.863,propagation,1,14091.953,100,11830,16384,74,P0,1215,83.49,4971.934,9360.0
2026-07-27T19:49:06.912710+00:00,1068.915,propagation,1,14091.953,99,11825,16384,74,P0,1020,85.34,5050.397,9360.0
2026-07-27T19:49:07.979334+00:00,1069.982,propagation,1,14091.953,100,11825,16384,74,P0,1050,82.00,4971.606,9360.0
2026-07-27T19:49:09.033857+00:00,1071.036,propagation,1,14091.953,100,11832,16384,74,P0,1170,85.44,5018.407,9362.0
2026-07-27T19:49:10.082960+00:00,1072.085,propagation,1,14091.953,99,11832,16384,74,P0,1170,84.46,5028.931,9362.0
2026-07-27T19:49:11.137073+00:00,1073.14,propagation,1,14091.953,100,11827,16384,74,P0,1170,84.32,4983.072,9362.0
2026-07-27T19:49:12.188112+00:00,1074.191,propagation,1,14091.953,100,11832,16384,74,P0,1260,81.51,4999.27,9362.0
2026-07-27T19:49:13.242197+00:00,1075.245,propagation,1,14091.953,100,11832,16384,74,P0,1140,79.15,5430.969,9362.0
2026-07-27T19:49:14.307067+00:00,1076.31,propagation,1,14091.953,99,11829,16384,74,P0,1155,84.98,4990.474,9364.0
2026-07-27T19:49:15.362949+00:00,1077.365,propagation,1,14091.953,100,11829,16384,74,P0,1185,83.47,4975.737,9364.0
2026-07-27T19:49:16.436047+00:00,1078.438,propagation,1,14091.953,99,11900,16384,74,P0,1215,84.23,6230.7,9364.0
2026-07-27T19:49:17.508457+00:00,1079.511,propagation,1,14091.953,100,11909,16384,74,P0,1185,85.21,4975.409,9364.0
2026-07-27T19:49:18.576775+00:00,1080.579,propagation,1,14091.953,98,11904,16384,74,P0,1170,85.06,4996.085,9366.0
2026-07-27T19:49:19.643577+00:00,1081.646,propagation,1,14091.953,100,11912,16384,74,P0,1155,80.20,4998.029,9366.0
2026-07-27T19:49:20.697344+00:00,1082.7,propagation,1,14091.953,100,11916,16384,74,P0,1155,88.39,5107.931,9366.0
2026-07-27T19:49:21.759753+00:00,1083.762,propagation,1,14091.953,99,11916,16384,74,P0,1170,84.40,5007.086,9366.0
2026-07-27T19:49:22.814960+00:00,1084.817,propagation,1,14091.953,100,11912,16384,74,P0,1110,82.74,4977.311,9366.0
2026-07-27T19:49:23.867095+00:00,1085.87,propagation,1,14091.953,99,11912,16384,74,P0,1215,87.36,5185.614,9368.0
2026-07-27T19:49:24.917999+00:00,1086.92,propagation,1,14091.953,100,11916,16384,74,P0,1110,86.35,4979.071,9368.0
2026-07-27T19:49:25.967243+00:00,1087.97,propagation,1,14091.953,100,11916,16384,74,P0,1155,84.22,6234.502,9368.0
2026-07-27T19:49:27.031825+00:00,1089.034,propagation,1,14091.953,99,11912,16384,74,P0,1140,84.28,4979.212,9368.0
2026-07-27T19:49:28.102080+00:00,1090.105,propagation,1,14091.953,100,11918,16384,74,P0,870,84.00,4999.888,9370.0
2026-07-27T19:49:29.163027+00:00,1091.134,propagation,1,14091.953,99,11918,16384,74,P0,1080,83.02,5002.197,9370.0
2026-07-27T19:49:30.221875+00:00,1092.193,propagation,1,14091.953,100,11914,16384,74,P0,1155,86.08,5111.733,9370.0
2026-07-27T19:49:31.269741+00:00,1093.241,propagation,1,14091.953,99,11914,16384,74,P0,1140,84.39,5000.902,9370.0
2026-07-27T19:49:32.341083+00:00,1094.312,propagation,1,14091.953,100,11918,16384,74,P0,990,86.89,4981.113,9370.0
2026-07-27T19:49:33.405511+00:00,1095.376,propagation,1,14091.953,100,11920,16384,74,P0,1155,86.99,5189.664,9372.0
2026-07-27T19:49:34.459498+00:00,1096.43,propagation,1,14091.953,100,11916,16384,74,P0,1020,86.28,4983.342,9372.0
2026-07-27T19:49:35.517544+00:00,1097.488,propagation,1,14091.953,99,11854,16384,74,P0,1200,83.63,6233.243,9372.0
2026-07-27T19:49:36.574834+00:00,1098.546,propagation,1,14091.953,100,11912,16384,74,P0,1185,83.80,5022.54,9372.0
2026-07-27T19:49:37.648414+00:00,1099.619,propagation,1,14091.953,97,11930,16384,74,P0,1245,83.97,5116.634,9372.0
2026-07-27T19:49:38.722461+00:00,1100.693,propagation,1,14091.953,100,11956,16384,74,P0,1155,84.70,5022.776,9374.0
2026-07-27T19:49:39.789884+00:00,1101.761,propagation,1,14091.953,100,11945,16384,74,P0,1110,81.61,4984.775,9374.0
2026-07-27T19:49:40.842767+00:00,1102.814,propagation,1,14091.953,99,11908,16384,74,P0,1125,85.11,4988.995,9374.0
2026-07-27T19:49:41.897439+00:00,1103.868,propagation,1,14091.953,100,11932,16384,74,P0,1140,84.77,4984.916,9374.0
2026-07-27T19:49:42.958480+00:00,1104.929,propagation,1,14091.953,100,11941,16384,74,P0,1155,84.34,6595.904,9376.0
2026-07-27T19:49:44.015191+00:00,1105.986,propagation,1,14091.953,100,11927,16384,74,P0,1140,84.86,4987.145,9376.0
2026-07-27T19:49:45.090087+00:00,1107.061,propagation,1,14091.953,100,11917,16384,74,P0,1260,81.78,5014.139,9376.0
2026-07-27T19:49:46.148069+00:00,1108.119,propagation,1,14091.953,99,11916,16384,74,P0,1125,81.54,5010.675,9376.0
2026-07-27T19:49:47.204507+00:00,1109.175,propagation,1,14091.953,100,11927,16384,74,P0,1185,83.22,5117.482,9376.0
2026-07-27T19:49:48.258401+00:00,1110.229,propagation,1,14091.953,99,11953,16384,74,P0,1155,84.37,5008.856,9378.0
2026-07-27T19:49:49.308644+00:00,1111.28,propagation,1,14091.953,100,11942,16384,74,P0,1065,83.33,4989.046,9378.0
2026-07-27T19:49:50.375191+00:00,1112.346,propagation,1,14091.953,99,11879,16384,74,P0,1215,83.33,5160.634,9378.0
2026-07-27T19:49:51.423231+00:00,1113.394,propagation,1,14091.953,100,11880,16384,74,P0,1140,81.29,4988.719,9378.0
2026-07-27T19:49:52.479913+00:00,1114.451,propagation,1,14091.953,100,11887,16384,74,P0,1155,84.86,5037.679,9380.0
2026-07-27T19:49:53.537949+00:00,1115.509,propagation,1,14091.953,99,11884,16384,74,P0,1125,84.30,4990.479,9380.0
2026-07-27T19:49:54.596111+00:00,1116.567,propagation,1,14091.953,100,11883,16384,74,P0,1065,88.02,5009.067,9380.0
2026-07-27T19:49:55.647469+00:00,1117.618,propagation,1,14091.953,100,11873,16384,74,P0,1110,81.45,5011.376,9380.0
2026-07-27T19:49:56.694401+00:00,1118.665,propagation,1,14091.953,99,11877,16384,74,P0,1140,85.09,5093.707,9380.0
2026-07-27T19:49:57.746014+00:00,1119.717,propagation,1,14091.953,100,11879,16384,74,P0,1140,84.32,5028.289,9382.0
2026-07-27T19:49:58.809079+00:00,1120.749,propagation,1,14091.953,100,11883,16384,74,P0,1065,83.43,4992.849,9382.0
2026-07-27T19:49:59.863180+00:00,1121.803,propagation,1,14091.953,99,11883,16384,74,P0,1230,81.91,5199.281,9382.0
2026-07-27T19:50:00.919015+00:00,1122.859,propagation,1,14091.953,100,11884,16384,74,P0,1005,83.95,4992.521,9382.0
2026-07-27T19:50:01.973026+00:00,1123.913,propagation,1,14091.953,99,11886,16384,74,P0,1155,86.74,6249.135,9384.0
2026-07-27T19:50:03.032505+00:00,1124.973,propagation,1,14091.953,100,11877,16384,74,P0,1170,84.63,4994.75,9384.0
2026-07-27T19:50:04.104395+00:00,1126.045,propagation,1,14091.953,99,11886,16384,74,P0,870,84.41,5012.87,9384.0
2026-07-27T19:50:05.158247+00:00,1127.098,propagation,1,14091.953,100,11886,16384,74,P0,1125,82.06,5015.72,9384.0
2026-07-27T19:50:06.209162+00:00,1128.149,propagation,1,14091.953,100,11886,16384,74,P0,1155,81.55,5107.634,9384.0
2026-07-27T19:50:07.257842+00:00,1129.198,propagation,1,14091.953,100,11878,16384,74,P0,1155,84.87,5032.091,9386.0
2026-07-27T19:50:08.315545+00:00,1130.256,propagation,1,14091.953,100,11883,16384,74,P0,1125,85.81,4996.183,9386.0
2026-07-27T19:50:09.368206+00:00,1131.308,propagation,1,14091.953,98,11888,16384,74,P0,1230,84.67,5224.396,9386.0
2026-07-27T19:50:10.439135+00:00,1132.379,propagation,1,14091.953,100,11878,16384,74,P0,1110,87.04,4996.324,9386.0
2026-07-27T19:50:11.491783+00:00,1133.432,propagation,1,14091.953,99,11880,16384,74,P0,1110,85.00,5049.347,9388.0
2026-07-27T19:50:12.543737+00:00,1134.484,propagation,1,14091.953,100,11885,16384,74,P0,1170,84.02,4998.553,9388.0
2026-07-27T19:50:13.605614+00:00,1135.546,propagation,1,14091.953,100,11890,16384,74,P0,1170,84.18,5016.672,9388.0
2026-07-27T19:50:14.652300+00:00,1136.593,propagation,1,14091.953,99,11890,16384,74,P0,1140,83.71,5022.083,9388.0
2026-07-27T19:50:15.699207+00:00,1137.639,propagation,1,14091.953,100,11881,16384,74,P0,1155,84.66,5128.89,9388.0
2026-07-27T19:50:16.758673+00:00,1138.699,propagation,1,14091.953,99,11887,16384,74,P0,1140,84.29,5028.296,9390.0
2026-07-27T19:50:17.812756+00:00,1139.753,propagation,1,14091.953,100,11887,16384,74,P0,990,86.62,5000.455,9390.0
2026-07-27T19:50:18.876588+00:00,1140.817,propagation,1,14091.953,99,11891,16384,74,P0,1155,81.83,5005.109,9390.0
2026-07-27T19:50:19.931580+00:00,1141.872,propagation,1,14091.953,100,11891,16384,74,P0,1020,84.36,5000.127,9390.0
2026-07-27T19:50:20.995449+00:00,1142.936,propagation,1,14091.953,99,11894,16384,74,P0,1155,84.62,6610.646,9392.0
2026-07-27T19:50:22.045648+00:00,1143.986,propagation,1,14091.953,100,11894,16384,74,P0,1125,84.19,5001.887,9392.0
2026-07-27T19:50:23.098566+00:00,1145.039,propagation,1,14091.953,99,11885,16384,74,P0,1155,81.49,5071.819,9392.0
2026-07-27T19:50:24.151383+00:00,1146.092,propagation,1,14091.953,100,11894,16384,74,P0,1155,84.67,5050.249,9392.0
2026-07-27T19:50:25.199339+00:00,1147.14,propagation,1,14091.953,100,11894,16384,74,P0,1155,86.60,5176.029,9392.0
2026-07-27T19:50:26.251389+00:00,1148.192,propagation,1,14091.953,99,11896,16384,74,P0,1155,84.56,5041.79,9394.0
2026-07-27T19:50:27.320910+00:00,1149.261,propagation,1,14091.953,100,11886,16384,74,P0,1170,81.46,5004.257,9394.0
2026-07-27T19:50:28.382837+00:00,1150.323,propagation,1,14091.953,99,11891,16384,74,P0,1155,83.87,5008.066,9394.0
2026-07-27T19:50:29.444769+00:00,1151.354,propagation,1,14091.953,100,11896,16384,74,P0,1170,84.65,5003.93,9394.0
2026-07-27T19:50:30.496740+00:00,1152.405,propagation,1,14091.953,100,11898,16384,74,P0,1155,83.80,6614.918,9396.0
2026-07-27T19:50:31.558020+00:00,1153.467,propagation,1,14091.953,100,11889,16384,74,P0,1155,83.92,5006.159,9396.0
2026-07-27T19:50:32.621898+00:00,1154.531,propagation,1,14091.953,100,11893,16384,74,P0,1155,85.10,5231.926,9396.0
2026-07-27T19:50:33.686735+00:00,1155.595,propagation,1,14091.953,99,11893,16384,74,P0,1155,85.49,5044.085,9396.0
2026-07-27T19:50:34.731910+00:00,1156.641,propagation,1,14091.953,100,11898,16384,74,P0,1155,83.68,5260.832,9396.0
2026-07-27T19:50:35.780666+00:00,1157.689,propagation,1,14091.953,99,11900,16384,74,P0,1140,84.71,5045.592,9398.0
2026-07-27T19:50:36.830400+00:00,1158.739,propagation,1,14091.953,100,11900,16384,74,P0,1110,85.55,5007.591,9398.0
2026-07-27T19:50:37.886170+00:00,1159.795,propagation,1,14091.953,100,11900,16384,74,P0,1140,81.73,5011.829,9398.0
2026-07-27T19:50:38.952196+00:00,1160.861,propagation,1,14091.953,100,11890,16384,74,P0,1050,81.37,5007.732,9398.0
2026-07-27T19:50:40.006947+00:00,1161.916,propagation,1,14091.953,99,11901,16384,74,P0,1170,84.64,6798.445,9400.0
2026-07-27T19:50:41.064649+00:00,1162.973,propagation,1,14091.953,99,11902,16384,74,P0,900,85.69,5009.961,9400.0
2026-07-27T19:50:42.116892+00:00,1164.026,propagation,1,14091.953,100,11901,16384,74,P0,1140,82.82,5049.612,9400.0
2026-07-27T19:50:43.165022+00:00,1165.074,propagation,1,14091.953,99,11891,16384,74,P0,1140,83.80,5045.271,9400.0
2026-07-27T19:50:44.224064+00:00,1166.133,propagation,1,14091.953,99,11902,16384,74,P0,1140,84.52,5315.22,9400.0
2026-07-27T19:50:45.284613+00:00,1167.193,propagation,1,14091.953,100,11904,16384,74,P0,1155,84.33,5047.858,9402.0
2026-07-27T19:50:46.333992+00:00,1168.243,propagation,1,14091.953,100,11894,16384,74,P0,1110,82.44,5605.719,9402.0
2026-07-27T19:50:47.391506+00:00,1169.3,propagation,1,14091.953,99,11903,16384,74,P0,1140,81.11,5027.16,9402.0
2026-07-27T19:50:48.446444+00:00,1170.355,propagation,1,14091.953,100,11904,16384,74,P0,1170,83.14,5011.535,9402.0
2026-07-27T19:50:49.501962+00:00,1171.411,propagation,1,14091.953,99,11907,16384,74,P0,1155,84.02,5064.089,9404.0
2026-07-27T19:50:50.550856+00:00,1172.46,propagation,1,14091.953,100,11907,16384,74,P0,1170,83.91,5013.295,9404.0
2026-07-27T19:50:51.594496+00:00,1173.503,propagation,1,14091.953,99,11898,16384,74,P0,1155,82.54,5140.321,9404.0
2026-07-27T19:50:52.650989+00:00,1174.56,propagation,1,14091.953,100,11905,16384,74,P0,1170,84.77,5058.055,9404.0
2026-07-27T19:50:53.701830+00:00,1175.611,propagation,1,14091.953,100,11906,16384,74,P0,1125,84.44,5276.46,9404.0
2026-07-27T19:50:54.749359+00:00,1176.658,propagation,1,14091.953,99,11913,16384,74,P0,1155,85.21,5051.879,9406.0
2026-07-27T19:50:55.807570+00:00,1177.716,propagation,1,14091.953,100,11913,16384,74,P0,1170,82.84,5067.755,9406.0
2026-07-27T19:50:56.855192+00:00,1178.764,propagation,1,14091.953,99,11909,16384,74,P0,1140,82.73,5030.025,9406.0
2026-07-27T19:50:57.924168+00:00,1179.833,propagation,1,14091.953,100,11905,16384,74,P0,1155,82.28,5015.338,9406.0
2026-07-27T19:50:58.987738+00:00,1180.865,propagation,1,14091.953,99,11901,16384,74,P0,1155,84.76,5075.732,9408.0
2026-07-27T19:51:00.068013+00:00,1181.946,propagation,1,14091.953,100,11910,16384,74,P0,1230,82.40,5017.567,9408.0
2026-07-27T19:51:01.115148+00:00,1182.993,propagation,1,14091.953,100,11911,16384,74,P0,1155,80.64,6802.161,9408.0
2026-07-27T19:51:02.171805+00:00,1184.049,propagation,1,14091.953,99,11911,16384,74,P0,1155,85.81,5061.857,9408.0
2026-07-27T19:51:03.225135+00:00,1185.103,propagation,1,14091.953,100,11901,16384,74,P0,1155,84.70,5286.232,9408.0
2026-07-27T19:51:04.287496+00:00,1186.165,propagation,1,14091.953,99,11907,16384,74,P0,1050,84.96,5047.298,9410.0
2026-07-27T19:51:05.353924+00:00,1187.231,propagation,1,14091.953,100,11913,16384,73,P0,1200,77.77,5202.714,9410.0
2026-07-27T19:51:06.406805+00:00,1188.284,propagation,1,14091.953,99,11903,16384,74,P0,1155,86.14,5033.878,9410.0
2026-07-27T19:51:07.460533+00:00,1189.338,propagation,1,14091.953,100,11903,16384,74,P0,1215,82.19,5019.141,9410.0
2026-07-27T19:51:08.512165+00:00,1190.39,propagation,1,14091.953,99,11910,16384,74,P0,1185,84.45,5079.757,9412.0
2026-07-27T19:51:09.564131+00:00,1191.442,propagation,1,14091.953,100,11914,16384,74,P0,1245,84.58,5021.37,9412.0
2026-07-27T19:51:10.615212+00:00,1192.493,propagation,1,14091.953,99,11915,16384,74,P0,1140,84.23,5058.958,9412.0
2026-07-27T19:51:11.676579+00:00,1193.554,propagation,1,14091.953,100,11905,16384,74,P0,1140,85.55,5051.294,9412.0
2026-07-27T19:51:12.732962+00:00,1194.61,propagation,1,14091.953,98,11910,16384,74,P0,1155,84.64,5289.128,9412.0
2026-07-27T19:51:13.781341+00:00,1195.659,propagation,1,14091.953,100,11912,16384,74,P0,1005,84.61,5050.882,9414.0
2026-07-27T19:51:14.846605+00:00,1196.724,propagation,1,14091.953,100,11916,16384,74,P0,1275,78.98,5166.485,9414.0
2026-07-27T19:51:15.913477+00:00,1197.791,propagation,1,14091.953,99,11916,16384,74,P0,1155,85.76,5044.65,9414.0
2026-07-27T19:51:16.977999+00:00,1198.856,propagation,1,14091.953,100,11916,16384,74,P0,1125,84.00,5022.943,9414.0
2026-07-27T19:51:18.036053+00:00,1199.914,propagation,1,14091.953,99,11919,16384,74,P0,855,84.32,5083.31,9416.0
2026-07-27T19:51:19.103974+00:00,1200.981,propagation,1,14091.953,100,11909,16384,74,P0,1020,81.52,5024.704,9416.0
2026-07-27T19:51:20.152494+00:00,1202.03,propagation,1,14091.953,99,11918,16384,74,P0,1140,85.87,5071.26,9416.0
2026-07-27T19:51:21.203590+00:00,1203.081,propagation,1,14091.953,100,11919,16384,74,P0,1140,84.65,5024.845,9416.0
2026-07-27T19:51:22.250226+00:00,1204.128,propagation,1,14091.953,100,11921,16384,74,P0,1125,84.32,5036.661,9418.0
2026-07-27T19:51:23.317366+00:00,1205.195,propagation,1,14091.953,99,11911,16384,74,P0,1260,82.77,5047.829,9418.0
2026-07-27T19:51:24.362516+00:00,1206.24,propagation,1,14091.953,100,11915,16384,74,P0,1125,82.29,5120.663,9418.0
2026-07-27T19:51:25.420701+00:00,1207.298,propagation,1,14091.953,98,11921,16384,74,P0,1140,83.85,5046.516,9418.0
2026-07-27T19:51:26.468522+00:00,1208.346,propagation,1,14091.953,100,11921,16384,74,P0,1125,83.24,5026.746,9418.0
2026-07-27T19:51:27.519480+00:00,1209.397,propagation,1,14091.953,98,11913,16384,74,P0,1050,84.41,5107.109,9420.0
2026-07-27T19:51:28.575809+00:00,1210.423,propagation,1,14091.953,100,11918,16384,74,P0,1065,85.29,5028.975,9420.0
2026-07-27T19:51:29.628566+00:00,1211.476,propagation,1,14091.953,100,11918,16384,74,P0,1155,86.14,5328.635,9420.0
2026-07-27T19:51:30.689383+00:00,1212.536,propagation,1,14091.953,99,11923,16384,74,P0,1140,83.84,5078.328,9420.0
2026-07-27T19:51:31.742478+00:00,1213.589,propagation,1,14091.953,100,11923,16384,74,P0,1170,84.58,5284.984,9420.0
2026-07-27T19:51:32.786598+00:00,1214.634,propagation,1,14091.953,100,11925,16384,74,P0,990,84.40,5058.707,9422.0
2026-07-27T19:51:33.851673+00:00,1215.699,propagation,1,14091.953,100,11924,16384,74,P0,1455,76.84,5153.372,9422.0
2026-07-27T19:51:34.904138+00:00,1216.751,propagation,1,14091.953,98,11915,16384,74,P0,1155,85.35,5045.286,9422.0
2026-07-27T19:51:35.959810+00:00,1217.807,propagation,1,14091.953,100,11924,16384,74,P0,1215,82.18,5030.549,9422.0
2026-07-27T19:51:37.011861+00:00,1218.859,propagation,1,14091.953,99,11926,16384,74,P0,1170,84.42,5208.868,9424.0
2026-07-27T19:51:38.062490+00:00,1219.909,propagation,1,14091.953,100,11926,16384,74,P0,1230,86.46,5032.778,9424.0
2026-07-27T19:51:39.119130+00:00,1220.966,propagation,1,14091.953,99,11921,16384,74,P0,1155,86.32,5076.334,9424.0
2026-07-27T19:51:40.181675+00:00,1222.029,propagation,1,14091.953,100,11926,16384,74,P0,1170,83.83,5080.421,9424.0
2026-07-27T19:51:41.238937+00:00,1223.086,propagation,1,14091.953,100,11927,16384,74,P0,1140,84.80,5156.255,9426.0
2026-07-27T19:51:42.293785+00:00,1224.141,propagation,1,14091.953,99,11917,16384,74,P0,1065,85.66,5059.515,9426.0
2026-07-27T19:51:43.360910+00:00,1225.208,propagation,1,14091.953,100,11919,16384,74,P0,1095,82.60,5164.972,9426.0
2026-07-27T19:51:44.427650+00:00,1226.275,propagation,1,14091.953,99,11924,16384,74,P0,1155,84.08,5055.036,9426.0
2026-07-27T19:51:45.480451+00:00,1227.327,propagation,1,14091.953,100,11929,16384,74,P0,1125,81.99,5034.352,9426.0
2026-07-27T19:51:46.533140+00:00,1228.38,propagation,1,14091.953,99,11931,16384,74,P0,870,83.89,5094.718,9428.0
2026-07-27T19:51:47.578446+00:00,1229.425,propagation,1,14091.953,100,11932,16384,74,P0,1125,83.92,5036.112,9428.0
2026-07-27T19:51:48.624419+00:00,1230.471,propagation,1,14091.953,100,11932,16384,74,P0,1155,84.32,5336.241,9428.0
2026-07-27T19:51:49.680818+00:00,1231.528,propagation,1,14091.953,99,11932,16384,74,P0,1140,84.40,5083.891,9428.0
2026-07-27T19:51:50.728157+00:00,1232.575,propagation,1,14091.953,100,11933,16384,74,P0,1155,84.72,5045.025,9430.0
2026-07-27T19:51:51.781950+00:00,1233.629,propagation,1,14091.953,100,11933,16384,74,P0,1200,85.52,5063.338,9430.0
2026-07-27T19:51:52.833386+00:00,1234.68,propagation,1,14091.953,100,11933,16384,74,P0,1155,83.98,5168.774,9430.0
2026-07-27T19:51:53.887303+00:00,1235.734,propagation,1,14091.953,99,11933,16384,74,P0,1155,84.68,5057.933,9430.0
2026-07-27T19:51:54.954962+00:00,1236.802,propagation,1,14091.953,100,11923,16384,74,P0,1215,80.91,5038.154,9430.0
2026-07-27T19:51:56.021627+00:00,1237.869,propagation,1,14091.953,99,11934,16384,74,P0,1140,86.90,5118.518,9432.0
2026-07-27T19:51:57.095104+00:00,1238.942,propagation,1,14091.953,100,11942,16384,74,P0,1140,86.83,5040.383,9432.0
2026-07-27T19:51:58.164321+00:00,1240.011,propagation,1,14091.953,99,11943,16384,74,P0,1155,84.32,5090.596,9432.0
2026-07-27T19:51:59.216425+00:00,1241.033,propagation,1,14091.953,100,11937,16384,74,P0,1170,84.41,5040.056,9432.0
2026-07-27T19:52:00.279243+00:00,1242.096,propagation,1,14091.953,99,11939,16384,74,P0,975,84.47,5060.263,9434.0
2026-07-27T19:52:01.334521+00:00,1243.151,propagation,1,14091.953,100,11945,16384,74,P0,1155,83.16,5062.041,9434.0
2026-07-27T19:52:02.391813+00:00,1244.208,propagation,1,14091.953,100,11927,16384,74,P0,1140,87.79,5172.108,9434.0
2026-07-27T19:52:03.471560+00:00,1245.288,propagation,1,14091.953,99,11927,16384,74,P0,1155,84.86,5071.732,9434.0
2026-07-27T19:52:04.522069+00:00,1246.338,propagation,1,14091.953,100,11932,16384,74,P0,1095,83.97,5041.957,9434.0
2026-07-27T19:52:05.574890+00:00,1247.391,propagation,1,14091.953,99,11934,16384,74,P0,1245,84.40,5250.729,9436.0
2026-07-27T19:52:06.626123+00:00,1248.443,propagation,1,14091.953,100,11939,16384,74,P0,1125,82.68,5044.186,9436.0
2026-07-27T19:52:07.670079+00:00,1249.486,propagation,1,14091.953,99,11929,16384,74,P0,1155,84.39,6299.149,9436.0
2026-07-27T19:52:08.722951+00:00,1250.539,propagation,1,14091.953,100,11933,16384,74,P0,1140,85.29,5043.858,9436.0
2026-07-27T19:52:09.426094+00:00,1251.243,finalize,1,14091.953,100,11934,16384,73,P0,1605,82.50,5043.82,9436.0
